order_id,customer,product,quantity,unit_price,region,order_date,discount
ORD-0000,Molly Olson,Phone,2,45.65,South,01-01-2023,0
ORD-0001,Lauren Lawrence,Phone,4,61.22,South,02-01-2023,0
ORD-0002,Valerie Smith,Laptop,1,55.96,East,03-01-2023,0
ORD-0003,Lance Thompson,Tablet,3,65.56,North,04-01-2023,0
ORD-0004,Haley Adams,Accessories,1,34.92,West,05-01-2023,0
ORD-0005,Cynthia Turner,Laptop,4,36,North,06-01-2023,0
ORD-0006,Marc Evans,Phone,1,58.64,East,07-01-2023,0
ORD-0007,Kayla Smith,Monitor,2,64.87,North,08-01-2023,0
ORD-0008,Lisa Smith,Laptop,4,58.45,North,09-01-2023,0
ORD-0009,Elizabeth Evans,Phone,2,46.69,East,10-01-2023,0
ORD-0010,Robert Roberts,Accessories,3,35.04,North,11-01-2023,0
ORD-0011,Jordan Johnson,Phone,3,28.07,West,12-01-2023,0
ORD-0012,Holly Roberts,Tablet,3,67.29,South,13-01-2023,0
ORD-0013,Martin Jones,Phone,4,67,South,14-01-2023,0
ORD-0014,Stephanie Cook,Monitor,2,40.95,South,15-01-2023,0
ORD-0015,Brenda Banks DVM,Accessories,2,67.73,North,16-01-2023,0
ORD-0016,Thomas Santos,Tablet,4,79.52,South,17-01-2023,0.15
ORD-0017,Barry Soto,Phone,2,54.4,East,18-01-2023,0
ORD-0018,Alexander Thompson,Tablet,1,76.79,West,19-01-2023,0
ORD-0019,Paul Griffin,Accessories,3,35.06,East,20-01-2023,0.05
ORD-0020,Danielle Thomas,Monitor,2,39.39,South,21-01-2023,0.05
ORD-0021,Tiffany Lucas,Accessories,4,71.23,North,22-01-2023,0
ORD-0022,Kenneth Hughes,Laptop,3,41.79,South,23-01-2023,0
ORD-0023,Kevin Riley,Phone,4,66.99,West,24-01-2023,0
ORD-0024,Daniel Swanson,Phone,3,49.64,North,25-01-2023,0
ORD-0025,Susan White,Accessories,1,45.25,South,26-01-2023,0
ORD-0026,William Hutchinson,Tablet,2,84.31,East,27-01-2023,0
ORD-0027,Kendra Davis,Laptop,3,43.28,North,28-01-2023,0
ORD-0028,Marcus Alexander,Accessories,1,50.12,North,29-01-2023,0
ORD-0029,Samantha Malone,Tablet,3,63.09,North,30-01-2023,0.05
ORD-0030,John Hopkins,Monitor,3,54.25,South,31-01-2023,0.15
ORD-0031,Jose Brooks,Accessories,4,72.06,North,01-02-2023,0.05
ORD-0032,Mary Young,Accessories,4,56.28,North,02-02-2023,0
ORD-0033,Alexander Mays,Monitor,4,73.52,South,03-02-2023,0.15
ORD-0034,Sergio Ayers,Phone,4,75.56,East,04-02-2023,0
ORD-0035,Linda Bullock,Accessories,1,56.51,East,05-02-2023,0.05
ORD-0036,Yolanda Herring,Phone,3,44.84,East,06-02-2023,0.05
ORD-0037,Jon Lee,Accessories,2,58.27,North,07-02-2023,0.05
ORD-0038,Erica Webb,Phone,1,47.8,East,08-02-2023,0.05
ORD-0039,Alex Morales,Monitor,1,64.05,North,09-02-2023,0
ORD-0040,Brooke Patton,Laptop,2,73.05,South,10-02-2023,0
ORD-0041,Anna Mcpherson,Accessories,1,52.15,East,11-02-2023,0
ORD-0042,Anthony Mccarthy,Phone,4,45.52,West,12-02-2023,0.1
ORD-0043,Robert Ortega,Monitor,2,38.46,North,13-02-2023,0
ORD-0044,Colleen Kline,Accessories,1,54.98,East,14-02-2023,0
ORD-0045,Kimberly Brown,Tablet,4,69,North,15-02-2023,0.1
ORD-0046,Jonathan Harris,Monitor,1,93.57,East,16-02-2023,0.1
ORD-0047,Douglas Morris,Laptop,3,58.68,East,17-02-2023,0
ORD-0048,Mark Monroe,Monitor,1,66.6,East,18-02-2023,0
ORD-0049,Kelli Sanchez,Accessories,3,60.05,North,19-02-2023,0
ORD-0050,Lisa Lam,Accessories,3,53.01,East,20-02-2023,0
ORD-0051,Tricia Navarro,Accessories,3,69.19,South,21-02-2023,0.05
ORD-0052,Glenn Simpson,Phone,2,81.36,South,22-02-2023,0
ORD-0053,Cristian Vargas,Tablet,4,54.95,South,23-02-2023,0
ORD-0054,James Knapp,Accessories,1,74.32,South,24-02-2023,0
ORD-0055,Ryan Kerr,Tablet,4,47.08,North,25-02-2023,0
ORD-0056,Sydney Cook,Phone,1,49.93,South,26-02-2023,0
ORD-0057,Crystal Contreras,Accessories,1,36.4,South,27-02-2023,0.1
ORD-0058,Cole Nelson,Monitor,2,74.36,South,28-02-2023,0.05
ORD-0059,Alec Booth,Laptop,4,58.26,East,01-03-2023,0.1
ORD-0060,Candace Jones,Accessories,4,49.48,South,02-03-2023,0.1
ORD-0061,Kyle Singleton,Accessories,2,71.38,East,03-03-2023,0
ORD-0062,Jason Wood,Phone,1,37.75,East,04-03-2023,0
ORD-0063,Edward Anderson,Phone,1,72.3,West,05-03-2023,0.1
ORD-0064,Dawn Thompson MD,Phone,4,61.58,South,06-03-2023,0.1
ORD-0065,Tina Wilson,Phone,3,55.66,North,07-03-2023,0.05
ORD-0066,Natalie Gomez DVM,Tablet,1,74.92,South,08-03-2023,0
ORD-0067,Steve Pace,Phone,1,41.62,South,09-03-2023,0.1
ORD-0068,Michael Lee,Accessories,2,56.15,South,10-03-2023,0.1
ORD-0069,Ashley Rodriguez,Accessories,2,65.58,South,11-03-2023,0
ORD-0070,Scott Brown,Monitor,4,82.83,North,12-03-2023,0
ORD-0071,David Lopez,Monitor,4,30.96,South,13-03-2023,0.1
ORD-0072,Austin Hensley,Monitor,3,63.71,South,14-03-2023,0
ORD-0073,Dawn Orozco,Monitor,3,62.91,South,15-03-2023,0
ORD-0074,Edward Hernandez,Laptop,1,31.59,West,16-03-2023,0.05
ORD-0075,Natasha Morrison,Monitor,3,49.7,South,17-03-2023,0
ORD-0076,Lisa Hopkins,Tablet,2,70.82,South,18-03-2023,0
ORD-0077,Jessica Watson,Monitor,1,57.63,South,19-03-2023,0
ORD-0078,Isabel Fernandez,Monitor,3,33.7,North,20-03-2023,0
ORD-0079,Desiree Solis,Tablet,4,45.21,South,21-03-2023,0
ORD-0080,Cassie Salazar,Laptop,4,66.3,North,22-03-2023,0
ORD-0081,Gregory Bryant,Phone,4,42.26,North,23-03-2023,0.05
ORD-0082,Valerie Mays,Tablet,3,56.83,East,24-03-2023,0.1
ORD-0083,Courtney Wang,Monitor,4,47.67,North,25-03-2023,0
ORD-0084,Natalie Hansen,Laptop,4,83.91,West,26-03-2023,0
ORD-0085,Alexis Rose,Laptop,1,47.25,East,27-03-2023,0.1
ORD-0086,Evan Juarez,Accessories,3,96.64,East,28-03-2023,0
ORD-0087,Maria Mueller,Phone,1,66.32,North,29-03-2023,0
ORD-0088,Tara Wade,Phone,2,28.35,South,30-03-2023,0.05
ORD-0089,Jeremy Miller,Tablet,3,89.48,South,31-03-2023,0.1
ORD-0090,Jessica Wilson,Phone,3,56.43,South,01-04-2023,0
ORD-0091,Kristin Li,Laptop,4,83.44,North,02-04-2023,0.15
ORD-0092,Joseph Fisher,Monitor,2,79.21,North,03-04-2023,0
ORD-0093,Joe Johnson,Phone,4,112.35,North,04-04-2023,0
ORD-0094,Anna Boone,Laptop,4,85.17,East,05-04-2023,0
ORD-0095,Nicholas Hernandez,Accessories,3,39.29,North,06-04-2023,0
ORD-0096,Timothy Robinson,Phone,4,81.25,West,07-04-2023,0.05
ORD-0097,Morgan Moore,Laptop,4,43.69,South,08-04-2023,0.1
ORD-0098,Gerald Fisher,Laptop,3,73.44,South,09-04-2023,0.05
ORD-0099,Jennifer Taylor,Laptop,2,57.83,South,10-04-2023,0
ORD-0100,Marcus Li,Monitor,2,65.78,East,11-04-2023,0
ORD-0101,Bruce Scott,Laptop,1,47.6,North,12-04-2023,0
ORD-0102,Jennifer Russell,Laptop,1,73.57,North,13-04-2023,0.05
ORD-0103,Teresa Perez,Laptop,1,38.12,East,14-04-2023,0
ORD-0104,Michael Stevenson,Laptop,3,58.37,South,15-04-2023,0.1
ORD-0105,Daniel Miller,Phone,4,83.08,South,16-04-2023,0
ORD-0106,Crystal Lopez,Tablet,3,162.21,North,17-04-2023,0
ORD-0107,Jay Yoder,Tablet,4,75.61,South,18-04-2023,0
ORD-0108,Amy Fuller,Phone,1,54.92,East,19-04-2023,0
ORD-0109,Stacey Rice,Accessories,3,52.57,South,20-04-2023,0
ORD-0110,Devin Contreras,Accessories,1,56.27,South,21-04-2023,0.05
ORD-0111,Jacqueline Diaz,Laptop,2,51.12,South,22-04-2023,0.05
ORD-0112,Nicole Martinez,Accessories,4,39.07,West,23-04-2023,0.15
ORD-0113,Tony Faulkner,Laptop,3,46.45,North,24-04-2023,0.05
ORD-0114,Karen Anderson,Laptop,3,42.23,East,25-04-2023,0.05
ORD-0115,Abigail Foley,Phone,2,27.11,North,26-04-2023,0
ORD-0116,Annette Zuniga,Accessories,3,51.21,South,27-04-2023,0.05
ORD-0117,Jacob Rivera,Monitor,4,61.95,North,28-04-2023,0
ORD-0118,Debbie Byrd,Accessories,3,52.4,North,29-04-2023,0.05
ORD-0119,Michael Welch,Monitor,3,46.8,North,30-04-2023,0
ORD-0120,Joseph Blake,Accessories,1,31.91,North,01-05-2023,0
ORD-0121,Jessica Garcia,Phone,3,44.36,East,02-05-2023,0.05
ORD-0122,Nicholas Haley,Accessories,3,77.26,North,03-05-2023,0.1
ORD-0123,Curtis Owens,Phone,1,78.16,North,04-05-2023,0
ORD-0124,Heather Shaffer,Monitor,4,93.34,West,05-05-2023,0
ORD-0125,Michael Jackson,Monitor,3,52.03,East,06-05-2023,0
ORD-0126,Jordan Harris,Laptop,3,51.2,North,07-05-2023,0.05
ORD-0127,Mark Flores,Accessories,2,51.5,West,08-05-2023,0
ORD-0128,Morgan Rios,Tablet,4,35.58,West,09-05-2023,0
ORD-0129,James Williams,Monitor,1,60.41,North,10-05-2023,0
ORD-0130,James Lee,Accessories,2,53.38,East,11-05-2023,0.1
ORD-0131,Stephen Church,Tablet,3,41.38,East,12-05-2023,0
ORD-0132,Grant Butler,Monitor,2,52.87,South,13-05-2023,0.05
ORD-0133,Brian Woodard,Laptop,3,58.65,East,14-05-2023,0
ORD-0134,Joseph Fitzgerald,Phone,2,56.85,West,15-05-2023,0
ORD-0135,Mario Burns,Laptop,3,36.29,East,16-05-2023,0.1
ORD-0136,Robin Arnold,Monitor,3,38.63,North,17-05-2023,0.05
ORD-0137,Adam Gilbert,Monitor,2,47.17,North,18-05-2023,0.05
ORD-0138,Mary Wilson MD,Tablet,4,54.8,North,19-05-2023,0
ORD-0139,Christopher Hunt,Phone,1,98.88,South,20-05-2023,0
ORD-0140,Martin Gilbert,Laptop,1,85.39,North,21-05-2023,0
ORD-0141,Ivan Santana,Accessories,2,83.19,West,22-05-2023,0.1
ORD-0142,Jacob Ferguson,Phone,3,46.23,West,23-05-2023,0.05
ORD-0143,Michele Ferrell,Accessories,3,53.57,South,24-05-2023,0.1
ORD-0144,Tracy Ferguson,Tablet,1,30.51,West,25-05-2023,0
ORD-0145,Matthew Rodriguez,Accessories,4,68.64,East,26-05-2023,0
ORD-0146,Earl Carroll Jr.,Tablet,1,32.12,North,27-05-2023,0.05
ORD-0147,Kimberly Bonilla,Accessories,2,92.16,East,28-05-2023,0
ORD-0148,Diane Hernandez,Tablet,3,38.77,North,29-05-2023,0
ORD-0149,Erica Bailey,Accessories,1,47.87,South,30-05-2023,0
ORD-0150,Victor Nguyen PhD,Laptop,1,32.25,East,31-05-2023,0.05
ORD-0151,Julie Wilkinson,Tablet,1,55.89,South,01-06-2023,0.05
ORD-0152,Stephanie Stuart,Laptop,3,40.89,East,02-06-2023,0.1
ORD-0153,Paula Rosario,Tablet,4,27.2,East,03-06-2023,0.1
ORD-0154,Yolanda Coleman,Laptop,1,32.62,South,04-06-2023,0.05
ORD-0155,Teresa Johnson,Tablet,3,49.96,North,05-06-2023,0
ORD-0156,Craig Smith,Phone,4,69.22,North,06-06-2023,0.1
ORD-0157,Robert Li,Laptop,4,50.78,North,07-06-2023,0.1
ORD-0158,Cory Snyder,Phone,2,44.49,South,08-06-2023,0.05
ORD-0159,Angela Fletcher,Phone,1,68.44,South,09-06-2023,0.05
ORD-0160,Mr. Nicholas Robertson,Accessories,4,39.73,North,10-06-2023,0.1
ORD-0161,Ashley Lopez MD,Laptop,4,55.61,South,11-06-2023,0
ORD-0162,Michael Malone,Phone,4,48.36,North,12-06-2023,0
ORD-0163,Paul Walls,Laptop,3,48.24,North,13-06-2023,0
ORD-0164,Deborah Short,Tablet,4,54.44,South,14-06-2023,0
ORD-0165,Rebecca Hines,Accessories,1,36.69,North,15-06-2023,0
ORD-0166,Isaiah Lee,Phone,1,37.24,North,16-06-2023,0.1
ORD-0167,Michael Brewer,Phone,2,46.8,West,17-06-2023,0
ORD-0168,Justin Baker,Tablet,3,75.7,North,18-06-2023,0.05
ORD-0169,Danielle Martin,Accessories,1,77.83,West,19-06-2023,0.05
ORD-0170,Jennifer Garcia,Laptop,4,47.98,South,20-06-2023,0
ORD-0171,William Anderson,Monitor,3,63.31,South,21-06-2023,0.1
ORD-0172,Steven Ellison,Phone,4,56.79,South,22-06-2023,0.05
ORD-0173,Joel Floyd,Laptop,4,57.01,South,23-06-2023,0
ORD-0174,Austin Riley,Phone,1,48.38,East,24-06-2023,0.1
ORD-0175,Cynthia Reyes,Phone,4,51.26,South,25-06-2023,0.05
ORD-0176,Joseph Tucker,Laptop,4,44.05,South,26-06-2023,0
ORD-0177,Rebekah Foster,Phone,4,44.35,South,27-06-2023,0
ORD-0178,Zachary Thomas,Accessories,1,32.18,South,28-06-2023,0
ORD-0179,Brian Nelson,Monitor,3,55.82,South,29-06-2023,0
ORD-0180,Karen Robinson,Monitor,1,59.77,East,30-06-2023,0
ORD-0181,Bruce Cook,Laptop,2,72.89,South,01-07-2023,0.05
ORD-0182,Karen James,Accessories,1,81.71,North,02-07-2023,0.1
ORD-0183,Gina Cummings,Laptop,1,34.57,South,03-07-2023,0
ORD-0184,Matthew Everett,Laptop,4,64.45,North,04-07-2023,0
ORD-0185,Laura Berg,Phone,4,70.77,West,05-07-2023,0
ORD-0186,Christopher Woods,Phone,1,70.1,South,06-07-2023,0.1
ORD-0187,Catherine Mckee,Accessories,3,70.47,East,07-07-2023,0.05
ORD-0188,Miss Paula Williams,Phone,4,57.07,North,08-07-2023,0.05
ORD-0189,Suzanne Hodges,Tablet,1,56.91,East,09-07-2023,0.1
ORD-0190,Rhonda Brown,Phone,2,63.12,South,10-07-2023,0.05
ORD-0191,Steven Hamilton,Phone,1,30.98,East,11-07-2023,0
ORD-0192,Trevor Howard,Tablet,3,72.16,East,12-07-2023,0
ORD-0193,Joel Johnson,Phone,1,52.85,South,13-07-2023,0
ORD-0194,Dwayne Kaiser,Monitor,3,54.21,North,14-07-2023,0.15
ORD-0195,Laura Franco,Phone,4,56.06,South,15-07-2023,0.05
ORD-0196,Beth Reynolds,Phone,2,44.98,South,16-07-2023,0.05
ORD-0197,Tyler Meyers,Phone,3,35.29,North,17-07-2023,0
ORD-0198,Julie Humphrey,Accessories,4,100.08,North,18-07-2023,0
ORD-0199,Keith Morgan MD,Phone,1,62.01,North,19-07-2023,0
ORD-0200,Michael Smith,Monitor,2,67.42,South,20-07-2023,0
ORD-0201,Elizabeth Rivera,Phone,1,58.46,South,21-07-2023,0
ORD-0202,Brian Baker,Tablet,3,63.09,North,22-07-2023,0
ORD-0203,Amy Cortez,Phone,4,79.33,East,23-07-2023,0
ORD-0204,Melissa Oconnor,Accessories,2,52.87,North,24-07-2023,0
ORD-0205,Janet Hernandez,Monitor,4,71.95,North,25-07-2023,0
ORD-0206,Brenda Bush,Laptop,3,98.26,North,26-07-2023,0.05
ORD-0207,David Kelly,Monitor,3,46.6,North,27-07-2023,0.1
ORD-0208,Robert Brown,Accessories,2,46.84,East,28-07-2023,0
ORD-0209,Adrian Mckee,Monitor,3,42.49,North,29-07-2023,0
ORD-0210,Reginald Wright,Monitor,4,41.03,North,30-07-2023,0
ORD-0211,Bianca Mack,Monitor,3,29.98,East,31-07-2023,0.1
ORD-0212,Paula Herring,Phone,1,50.82,South,01-08-2023,0
ORD-0213,Stephanie Hunter,Monitor,4,95.75,South,02-08-2023,0
ORD-0214,George Odonnell,Phone,1,86.83,East,03-08-2023,0.05
ORD-0215,Wanda Garza,Tablet,3,72.12,South,04-08-2023,0
ORD-0216,Michael Aguirre,Laptop,3,38.8,West,05-08-2023,0
ORD-0217,Emily Payne,Tablet,4,77.07,West,06-08-2023,0
ORD-0218,Mr. Eric Hernandez,Accessories,4,85.42,South,07-08-2023,0.05
ORD-0219,Scott Weiss,Accessories,2,54.72,South,08-08-2023,0.05
ORD-0220,Brandon Zhang,Accessories,1,77.98,South,09-08-2023,0
ORD-0221,Lisa Phillips,Tablet,1,32.03,North,10-08-2023,0
ORD-0222,Anne Haynes,Accessories,2,57.93,East,11-08-2023,0
ORD-0223,Dylan Clark,Tablet,4,46.83,North,12-08-2023,0
ORD-0224,Kimberly Hansen,Laptop,2,43.34,North,13-08-2023,0
ORD-0225,Elizabeth Ruiz,Laptop,1,35.91,North,14-08-2023,0.1
ORD-0226,Teresa Boone,Accessories,4,43.97,South,15-08-2023,0
ORD-0227,Amanda Swanson,Tablet,2,98.61,East,16-08-2023,0.1
ORD-0228,Mrs. Anna Pollard,Accessories,3,49.55,South,17-08-2023,0.05
ORD-0229,Richard Olson,Monitor,2,36.57,North,18-08-2023,0
ORD-0230,Kevin Cummings,Monitor,1,38.57,East,19-08-2023,0.1
ORD-0231,Teresa Wilson,Tablet,2,53.06,South,20-08-2023,0
ORD-0232,Matthew Jackson,Tablet,4,56.51,North,21-08-2023,0
ORD-0233,Wendy Anderson,Laptop,2,96.02,East,22-08-2023,0
ORD-0234,Brenda Miller,Laptop,1,25.09,North,23-08-2023,0.05
ORD-0235,Ryan Williams,Laptop,3,53.27,South,24-08-2023,0.1
ORD-0236,Joseph Gray,Tablet,3,56.54,North,25-08-2023,0
ORD-0237,Daniel Weber,Tablet,2,67.22,East,26-08-2023,0.15
ORD-0238,Amanda Payne,Tablet,1,62.5,East,27-08-2023,0
ORD-0239,Charles Giles,Monitor,4,64.97,West,28-08-2023,0.15
ORD-0240,Anita George,Accessories,2,66.5,East,29-08-2023,0.1
ORD-0241,Tonya Hernandez,Accessories,4,53.82,West,30-08-2023,0
ORD-0242,Kimberly Sanders,Laptop,4,46.75,North,31-08-2023,0
ORD-0243,Richard Scott,Laptop,4,53.3,South,01-09-2023,0.05
ORD-0244,Sean Flores,Phone,4,48.69,East,02-09-2023,0
ORD-0245,Anthony Carlson,Phone,3,47.61,East,03-09-2023,0.1
ORD-0246,Danielle Clark,Phone,1,74,South,04-09-2023,0.05
ORD-0247,Trevor Ryan,Laptop,4,90.45,North,05-09-2023,0.15
ORD-0248,Amy Santiago,Monitor,4,69.36,South,06-09-2023,0
ORD-0249,Amanda Bryant,Phone,2,78.08,North,07-09-2023,0
ORD-0250,Kristy Sherman,Phone,2,96.93,South,08-09-2023,0.05
ORD-0251,Kathleen Reyes,Phone,3,90.82,North,09-09-2023,0.05
ORD-0252,Erin Hobbs,Accessories,4,51.11,South,10-09-2023,0
ORD-0253,Erin Johnson,Monitor,3,72.69,East,11-09-2023,0
ORD-0254,Elizabeth Johnson,Accessories,3,52.9,North,12-09-2023,0.05
ORD-0255,Nathan Villanueva,Monitor,3,70.64,North,13-09-2023,0.05
ORD-0256,Marvin Lewis,Laptop,3,81.05,South,14-09-2023,0.05
ORD-0257,Stephen Hartman,Phone,2,70.02,North,15-09-2023,0.05
ORD-0258,Traci Henderson,Monitor,3,47.4,North,16-09-2023,0
ORD-0259,Samantha Greene,Tablet,3,59.68,East,17-09-2023,0
ORD-0260,John Adkins,Monitor,3,38.48,North,18-09-2023,0.1
ORD-0261,Rachel Brooks,Accessories,3,56.51,East,19-09-2023,0
ORD-0262,Amy Rich,Laptop,3,51.97,South,20-09-2023,0
ORD-0263,Mallory Soto,Phone,4,40.54,South,21-09-2023,0
ORD-0264,Michael Davis,Laptop,3,42.68,South,22-09-2023,0
ORD-0265,Jason Cook,Accessories,1,55.81,North,23-09-2023,0
ORD-0266,Michael Taylor,Monitor,3,74.67,North,24-09-2023,0.05
ORD-0267,Alisha Hall,Tablet,2,63.29,North,25-09-2023,0
ORD-0268,Jessica Johnson,Accessories,3,59.09,North,26-09-2023,0
ORD-0269,Carrie Mcgee,Phone,4,36.49,South,27-09-2023,0
ORD-0270,Laura Coleman,Accessories,1,70.86,North,28-09-2023,0
ORD-0271,Christopher Jones,Laptop,1,72.83,North,29-09-2023,0.1
ORD-0272,Lisa Bailey,Monitor,4,69.82,North,30-09-2023,0
ORD-0273,Jill Brown,Tablet,3,67.12,South,01-10-2023,0.05
ORD-0274,Jenna Davis,Accessories,1,71.61,North,02-10-2023,0
ORD-0275,Katherine Marshall,Accessories,3,54.61,North,03-10-2023,0.1
ORD-0276,Sydney Zavala,Monitor,3,58.51,South,04-10-2023,0
ORD-0277,Rebecca Madden,Phone,2,24.89,East,05-10-2023,0.1
ORD-0278,Mario Savage,Accessories,2,38.22,South,06-10-2023,0
ORD-0279,Dawn Gilmore,Monitor,2,75.43,South,07-10-2023,0
ORD-0280,Bryan Mckinney,Accessories,2,37.8,North,08-10-2023,0.1
ORD-0281,Christian Jones,Tablet,1,82.18,East,09-10-2023,0.05
ORD-0282,Mr. Robert Fisher,Phone,2,48.47,South,10-10-2023,0
ORD-0283,James Williamson,Phone,3,33.39,South,11-10-2023,0
ORD-0284,Victoria Jarvis,Tablet,1,34.9,East,12-10-2023,0.1
ORD-0285,William Newton,Accessories,3,52.27,South,13-10-2023,0
ORD-0286,Antonio Chang,Phone,2,77.21,East,14-10-2023,0.05
ORD-0287,Steve Williams,Laptop,2,43.04,South,15-10-2023,0
ORD-0288,Jennifer Contreras,Laptop,3,43.92,North,16-10-2023,0
ORD-0289,Kevin Gaines,Phone,4,45.09,East,17-10-2023,0.1
ORD-0290,Matthew Drake,Phone,2,34.59,South,18-10-2023,0
ORD-0291,Ana Thomas,Laptop,1,58.89,North,19-10-2023,0.05
ORD-0292,Timothy Price,Accessories,2,115.36,South,20-10-2023,0.1
ORD-0293,Vincent Miller,Phone,1,36.18,North,21-10-2023,0.05
ORD-0294,Mrs. Jennifer Daniels,Phone,4,59.81,North,22-10-2023,0
ORD-0295,Caitlin Maxwell,Accessories,2,32.53,North,23-10-2023,0
ORD-0296,Edward Hall,Tablet,2,52.8,East,24-10-2023,0
ORD-0297,Donna Gibson,Accessories,4,38.67,North,25-10-2023,0
ORD-0298,Joseph Flores,Tablet,1,55.74,South,26-10-2023,0
ORD-0299,Natalie Jones,Accessories,4,61.89,West,27-10-2023,0
ORD-0300,Jennifer Velasquez,Tablet,3,57.42,West,28-10-2023,0
ORD-0301,Randy Douglas,Monitor,2,29.68,North,29-10-2023,0
ORD-0302,Kendra Thompson,Monitor,1,56.48,East,30-10-2023,0
ORD-0303,Mark Vasquez,Accessories,1,43.38,South,31-10-2023,0.1
ORD-0304,Jose Carney,Phone,2,45.37,East,01-11-2023,0
ORD-0305,Kathy Foster,Laptop,3,87.06,South,02-11-2023,0
ORD-0306,James Johnson,Laptop,2,55.27,North,03-11-2023,0.15
ORD-0307,Stacy Williams,Accessories,3,52.2,South,04-11-2023,0
ORD-0308,Ashley Bowers,Tablet,2,39.34,East,05-11-2023,0
ORD-0309,Lawrence Mendoza,Laptop,2,34.39,South,06-11-2023,0
ORD-0310,Sophia Alvarado,Phone,3,64.38,North,07-11-2023,0.1
ORD-0311,Julie James,Accessories,4,71.56,North,08-11-2023,0
ORD-0312,Jonathan Williams,Monitor,2,40,South,09-11-2023,0.05
ORD-0313,Kelly Nguyen,Phone,2,35.07,North,10-11-2023,0
ORD-0314,Michelle Holt,Monitor,4,39.85,West,11-11-2023,0
ORD-0315,Thomas Porter,Accessories,1,51.2,West,12-11-2023,0
ORD-0316,Jill Vaughan,Accessories,2,49.86,South,13-11-2023,0
ORD-0317,William Lopez,Tablet,3,56.84,East,14-11-2023,0
ORD-0318,Kayla Castro,Tablet,4,52.81,North,15-11-2023,0
ORD-0319,Kurt Rowe,Accessories,3,70.65,South,16-11-2023,0
ORD-0320,John Allen,Tablet,1,48.26,East,17-11-2023,0.1
ORD-0321,Julia Forbes,Monitor,1,59.95,West,18-11-2023,0
ORD-0322,Charles Mcgee,Accessories,1,46.22,East,19-11-2023,0
ORD-0323,Sharon Wright,Monitor,3,52.07,North,20-11-2023,0
ORD-0324,Mark Anthony,Phone,2,73.52,East,21-11-2023,0
ORD-0325,Nancy Perry,Laptop,3,48.75,South,22-11-2023,0
ORD-0326,Erica Carter,Monitor,3,39.1,South,23-11-2023,0.05
ORD-0327,Caleb Brown,Tablet,3,52.82,West,24-11-2023,0
ORD-0328,Monique Mata,Laptop,2,64.62,West,25-11-2023,0
ORD-0329,Kelly Durham,Tablet,3,45.27,West,26-11-2023,0
ORD-0330,Amy Stevenson,Accessories,1,33.13,East,27-11-2023,0.1
ORD-0331,Kenneth Simpson,Accessories,2,45.07,South,28-11-2023,0.1
ORD-0332,Michael Morales,Laptop,4,70.78,North,29-11-2023,0.1
ORD-0333,Michael Moore,Laptop,2,53.7,South,30-11-2023,0
ORD-0334,Michael Smith,Tablet,4,61.7,West,01-12-2023,0.15
ORD-0335,Philip Callahan,Laptop,4,62.85,East,02-12-2023,0
ORD-0336,Aaron Boyer,Accessories,4,35.19,South,03-12-2023,0.05
ORD-0337,Paul Figueroa,Tablet,1,49.6,East,04-12-2023,0
ORD-0338,Richard White,Tablet,2,32.62,North,05-12-2023,0.05
ORD-0339,Jason Henry,Monitor,4,27.36,South,06-12-2023,0
ORD-0340,Kathryn Rojas,Laptop,1,53.98,South,07-12-2023,0
ORD-0341,Timothy Johnson,Phone,1,28.31,North,08-12-2023,0
ORD-0342,Benjamin Dennis,Laptop,2,56.08,East,09-12-2023,0
ORD-0343,Joseph Hudson,Tablet,2,64.07,North,10-12-2023,0
ORD-0344,Margaret Weber,Phone,3,64.3,East,11-12-2023,0
ORD-0345,Sean Liu,Tablet,4,38.5,West,12-12-2023,0.05
ORD-0346,Kaitlyn Bryan,Tablet,2,54.63,South,13-12-2023,0
ORD-0347,Gabriel Gonzalez,Tablet,3,54.55,South,14-12-2023,0
ORD-0348,Rodney Daniel,Phone,4,82.2,West,15-12-2023,0
ORD-0349,Dustin Stephens,Monitor,1,75.67,West,16-12-2023,0
ORD-0350,Roy Hicks,Phone,2,61.24,South,17-12-2023,0
ORD-0351,Christine Stewart,Phone,1,22.47,North,18-12-2023,0
ORD-0352,Jasmine Anderson,Tablet,1,57.79,East,19-12-2023,0.15
ORD-0353,Kelsey Gonzales,Laptop,2,57.27,East,20-12-2023,0.05
ORD-0354,Michelle Jordan,Phone,2,61.5,South,21-12-2023,0
ORD-0355,Belinda Reilly,Tablet,2,44.59,West,22-12-2023,0
ORD-0356,David Fowler,Monitor,3,38.39,West,23-12-2023,0
ORD-0357,Brenda Morales,Accessories,1,63.53,West,24-12-2023,0.05
ORD-0358,Kristen Mathews,Monitor,1,46.98,North,25-12-2023,0.1
ORD-0359,Christine Austin,Phone,3,59.68,North,26-12-2023,0.1
ORD-0360,Andrea Mcdonald,Accessories,2,52.7,South,27-12-2023,0
ORD-0361,Daniel Miller,Monitor,3,51.31,East,28-12-2023,0.05
ORD-0362,James Matthews,Tablet,3,64.01,North,29-12-2023,0.1
ORD-0363,Matthew Shea MD,Laptop,3,75.55,South,30-12-2023,0.05
ORD-0364,Logan Alexander,Monitor,3,88.15,East,31-12-2023,0
ORD-0365,Daniel Estrada,Accessories,4,50.93,South,01-01-2024,0
ORD-0366,Brittany Carson,Tablet,4,61.17,South,02-01-2024,0.1
ORD-0367,Amy Acevedo,Accessories,3,68.88,South,03-01-2024,0
ORD-0368,Amy Cameron,Phone,4,35.12,North,04-01-2024,0
ORD-0369,Kenneth Tran,Phone,3,38.77,North,05-01-2024,0
ORD-0370,Brooke Weber,Phone,1,53.73,South,06-01-2024,0
ORD-0371,Kellie Ferguson,Phone,3,42.39,North,07-01-2024,0
ORD-0372,Veronica Dudley,Phone,3,46.24,South,08-01-2024,0
ORD-0373,Kevin Jackson,Phone,3,23.13,West,09-01-2024,0.05
ORD-0374,Brooke Valdez,Phone,1,66.15,South,10-01-2024,0
ORD-0375,Darius Hubbard DDS,Monitor,2,77.35,South,11-01-2024,0.05
ORD-0376,Janet Hall,Accessories,1,56.6,East,12-01-2024,0.05
ORD-0377,Miguel Edwards,Phone,3,72.42,East,13-01-2024,0.1
ORD-0378,Michael King,Accessories,1,60.94,South,14-01-2024,0
ORD-0379,Elizabeth Moore,Tablet,3,24.53,North,15-01-2024,0.05
ORD-0380,Amber Bennett,Laptop,1,44.58,West,16-01-2024,0
ORD-0381,Matthew Gonzalez,Monitor,3,42.24,North,17-01-2024,0
ORD-0382,Sarah Patel,Monitor,4,41.48,South,18-01-2024,0
ORD-0383,Janice Zuniga,Accessories,3,40.11,North,19-01-2024,0.05
ORD-0384,Billy Schaefer,Tablet,4,33.08,South,20-01-2024,0
ORD-0385,Brian Mccormick,Accessories,1,67.3,North,21-01-2024,0.1
ORD-0386,Shannon Jones,Accessories,1,91.38,East,22-01-2024,0
ORD-0387,Jeffery Maynard,Accessories,2,49.2,North,23-01-2024,0
ORD-0388,Kimberly Simpson,Monitor,4,72.32,East,24-01-2024,0.1
ORD-0389,Rebecca Wright,Phone,2,39.49,East,25-01-2024,0
ORD-0390,Lori Tate,Accessories,1,56.09,West,26-01-2024,0
ORD-0391,Thomas Cooper,Tablet,3,34.4,South,27-01-2024,0.05
ORD-0392,Chase Campbell,Phone,3,54.72,East,28-01-2024,0.05
ORD-0393,Kenneth Mata,Tablet,1,50.87,East,29-01-2024,0.05
ORD-0394,Mr. Johnny Olsen,Tablet,3,68.61,South,30-01-2024,0
ORD-0395,Christina Herring,Monitor,3,42.19,North,31-01-2024,0
ORD-0396,Daisy Smith,Laptop,2,47.1,West,01-02-2024,0.05
ORD-0397,Anthony Green,Monitor,4,57.55,West,02-02-2024,0
ORD-0398,Gerald Cooper,Phone,4,44.66,South,03-02-2024,0
ORD-0399,Cynthia Jones,Accessories,2,82.25,East,04-02-2024,0
ORD-0400,Matthew Andrews,Laptop,1,84.2,South,05-02-2024,0
ORD-0401,Peter Phelps,Tablet,2,36.81,South,06-02-2024,0.05
ORD-0402,Debbie Goodman,Accessories,2,81.57,East,07-02-2024,0
ORD-0403,Erik Eaton,Laptop,2,65.57,West,08-02-2024,0
ORD-0404,John Mckinney,Tablet,2,33.84,North,09-02-2024,0.1
ORD-0405,David Larson,Tablet,2,57.79,North,10-02-2024,0
ORD-0406,Tony Hughes,Phone,2,60.64,South,11-02-2024,0
ORD-0407,Carolyn Thomas,Phone,2,38.43,East,12-02-2024,0
ORD-0408,Matthew Lawrence,Accessories,2,42.82,North,13-02-2024,0
ORD-0409,Sara Stevens,Laptop,3,44.27,South,14-02-2024,0
ORD-0410,Patrick Tran,Accessories,2,51.62,North,15-02-2024,0
ORD-0411,Karen Anderson,Phone,3,26.32,West,16-02-2024,0.15
ORD-0412,Mary Marshall,Tablet,1,75.22,East,17-02-2024,0
ORD-0413,Bryan Baldwin PhD,Phone,2,78.16,South,18-02-2024,0.1
ORD-0414,Christian Hunter,Phone,4,39.97,North,19-02-2024,0.05
ORD-0415,Harry Coleman,Monitor,1,60.96,North,20-02-2024,0.1
ORD-0416,Ryan Parrish,Phone,3,37.56,North,21-02-2024,0
ORD-0417,Cindy Grant,Monitor,1,42.88,North,22-02-2024,0.05
ORD-0418,Ruben Butler II,Tablet,2,47.73,West,23-02-2024,0.1
ORD-0419,Amy Myers,Phone,1,29.89,East,24-02-2024,0
ORD-0420,David Alexander,Accessories,3,48.16,South,25-02-2024,0.1
ORD-0421,Paul Swanson,Accessories,2,60.03,South,26-02-2024,0.1
ORD-0422,Justin Cameron,Accessories,2,54.09,East,27-02-2024,0
ORD-0423,Kathleen Cordova,Tablet,2,65.51,North,28-02-2024,0.1
ORD-0424,Joseph Johnson,Monitor,3,74.23,East,29-02-2024,0
ORD-0425,Jennifer Huerta,Phone,1,58.76,South,01-03-2024,0.15
ORD-0426,Alicia Walker,Monitor,2,37.3,East,02-03-2024,0.1
ORD-0427,Mark Lynch,Phone,3,76.85,South,03-03-2024,0
ORD-0428,Misty Vance,Laptop,3,85.16,East,04-03-2024,0
ORD-0429,Jacqueline Anderson,Laptop,3,66.49,East,05-03-2024,0.1
ORD-0430,William Rivera,Accessories,4,57.23,South,06-03-2024,0.15
ORD-0431,Kimberly Moore,Laptop,3,62.77,West,07-03-2024,0.05
ORD-0432,Spencer Campbell,Monitor,2,80.87,East,08-03-2024,0
ORD-0433,Karen Romero,Phone,4,70.04,East,09-03-2024,0
ORD-0434,Michael Dennis,Phone,4,47.85,South,10-03-2024,0
ORD-0435,Wesley Bryant,Phone,4,57.54,North,11-03-2024,0
ORD-0436,Edward Gray,Laptop,3,62.31,North,12-03-2024,0.1
ORD-0437,Lori Gross,Accessories,1,76.44,South,13-03-2024,0.1
ORD-0438,Cindy Thomas,Monitor,1,49.39,South,14-03-2024,0.1
ORD-0439,Heather Perry,Phone,2,34.91,South,15-03-2024,0
ORD-0440,Donna Reese,Laptop,4,91.98,North,16-03-2024,0.05
ORD-0441,Caitlin Franklin,Tablet,3,40.78,East,17-03-2024,0
ORD-0442,Christopher Wright,Laptop,4,42.75,South,18-03-2024,0
ORD-0443,Howard Mcdonald,Laptop,2,50.16,West,19-03-2024,0
ORD-0444,Stephanie Mitchell,Phone,3,55.86,South,20-03-2024,0.15
ORD-0445,Andrew Scott,Phone,3,66.6,West,21-03-2024,0.1
ORD-0446,Joshua Dunn,Accessories,2,46.23,South,22-03-2024,0
ORD-0447,Heather Clark,Monitor,4,66.94,South,23-03-2024,0.15
ORD-0448,Keith Allen,Accessories,4,94.7,South,24-03-2024,0
ORD-0449,Emily Mack,Laptop,4,43.35,North,25-03-2024,0.15
ORD-0450,Katherine Evans,Monitor,1,46.62,West,26-03-2024,0
ORD-0451,William Tucker,Phone,3,45.75,South,27-03-2024,0.15
ORD-0452,Emma Castaneda,Phone,4,65.43,East,28-03-2024,0
ORD-0453,Brad Rivas,Tablet,1,55.44,North,29-03-2024,0.1
ORD-0454,Bill Tyler,Phone,3,53.61,South,30-03-2024,0
ORD-0455,Sandra Glenn,Laptop,4,76.02,East,31-03-2024,0
ORD-0456,Jessica Shelton,Accessories,2,46.71,North,01-04-2024,0.1
ORD-0457,Danielle Miller,Phone,2,74.34,East,02-04-2024,0.05
ORD-0458,Dawn Spence,Laptop,1,49.91,East,03-04-2024,0
ORD-0459,Cameron George,Phone,3,44.64,East,04-04-2024,0.15
ORD-0460,Eric Mills,Phone,3,45.21,South,05-04-2024,0.05
ORD-0461,Eric Murillo,Phone,3,32.86,North,06-04-2024,0.05
ORD-0462,Tracy Wright,Tablet,4,66.58,West,07-04-2024,0
ORD-0463,Melissa Peters,Phone,3,44.98,South,08-04-2024,0.05
ORD-0464,Paul Charles,Tablet,3,55.3,North,09-04-2024,0
ORD-0465,Rebecca Long,Accessories,2,61.37,South,10-04-2024,0.1
ORD-0466,Crystal Brown,Phone,4,66.09,North,11-04-2024,0
ORD-0467,Austin Green,Phone,4,47.48,North,12-04-2024,0.05
ORD-0468,Alexandra Walker,Monitor,3,55.84,West,13-04-2024,0
ORD-0469,Nicole Brown,Laptop,1,84.34,West,14-04-2024,0.15
ORD-0470,Rebecca Smith,Monitor,2,44.6,East,15-04-2024,0
ORD-0471,Haley Nguyen,Laptop,4,75.1,North,16-04-2024,0.05
ORD-0472,Lauren Watson,Phone,4,38.02,North,17-04-2024,0.05
ORD-0473,Matthew Garcia,Phone,4,55.72,North,18-04-2024,0.05
ORD-0474,Alexandra Madden,Laptop,4,39.13,South,19-04-2024,0.1
ORD-0475,Michael James,Phone,2,89.21,North,20-04-2024,0.05
ORD-0476,Jennifer Hopkins,Phone,2,53.84,North,21-04-2024,0.05
ORD-0477,Kevin Johnson,Tablet,1,34.2,South,22-04-2024,0
ORD-0478,David Olsen,Laptop,3,48.15,North,23-04-2024,0
ORD-0479,Thomas Smith,Phone,3,58.85,South,24-04-2024,0
ORD-0480,Kyle Martin,Monitor,2,45.35,West,25-04-2024,0.05
ORD-0481,Javier Munoz,Tablet,4,52.8,South,26-04-2024,0.1
ORD-0482,David Wang,Laptop,2,46.28,North,27-04-2024,0.1
ORD-0483,Terry Phillips,Phone,1,56.53,West,28-04-2024,0
ORD-0484,Robert Aguilar,Phone,2,45.68,East,29-04-2024,0
ORD-0485,Brandon Aguirre,Tablet,4,58.29,West,30-04-2024,0.1
ORD-0486,William Blevins MD,Phone,3,26.21,South,01-05-2024,0
ORD-0487,Kristy Alexander,Laptop,3,82.87,North,02-05-2024,0
ORD-0488,Rose Bailey,Phone,1,32.84,North,03-05-2024,0.05
ORD-0489,Amanda Allison,Monitor,1,62.77,West,04-05-2024,0.05
ORD-0490,Donna Lynch,Phone,2,88.3,North,05-05-2024,0
ORD-0491,Breanna Brown,Tablet,2,35.52,East,06-05-2024,0
ORD-0492,Duane Cook,Monitor,4,25.68,West,07-05-2024,0
ORD-0493,Toni Powers,Accessories,2,49.41,North,08-05-2024,0.15
ORD-0494,Jill Miller,Laptop,3,73.43,South,09-05-2024,0.05
ORD-0495,Tonya Evans,Laptop,4,54.17,South,10-05-2024,0
ORD-0496,Kayla Gibson DDS,Accessories,3,61.54,North,11-05-2024,0
ORD-0497,Erica Reynolds,Laptop,2,40.47,East,12-05-2024,0
ORD-0498,Christopher Williams,Accessories,2,44.97,South,13-05-2024,0
ORD-0499,Melissa Wilson,Phone,2,39.1,South,14-05-2024,0.1
ORD-0500,Benjamin Barajas,Laptop,1,38.42,South,15-05-2024,0
ORD-0501,Brendan Curtis,Phone,4,30.55,North,16-05-2024,0.15
ORD-0502,Michael Clarke DDS,Tablet,1,79.61,East,17-05-2024,0
ORD-0503,Alex Kennedy,Laptop,4,45.07,North,18-05-2024,0
ORD-0504,Travis Barrett,Tablet,4,66.16,North,19-05-2024,0.15
ORD-0505,Kimberly Little,Monitor,3,69.24,East,20-05-2024,0.1
ORD-0506,Joshua Donaldson,Accessories,4,83.02,North,21-05-2024,0
ORD-0507,Heather Johnson,Monitor,2,52.04,East,22-05-2024,0.1
ORD-0508,Daniel Glover,Accessories,4,67.63,East,23-05-2024,0.15
ORD-0509,Kyle Leonard,Phone,1,47.68,South,24-05-2024,0
ORD-0510,Brendan Walsh,Accessories,1,43.45,South,25-05-2024,0.15
ORD-0511,Matthew Martin,Monitor,3,51.39,South,26-05-2024,0.05
ORD-0512,Donna Ortiz,Laptop,2,45.09,East,27-05-2024,0
ORD-0513,David Huang,Phone,4,38.55,South,28-05-2024,0
ORD-0514,Joseph Lane,Tablet,3,72.85,North,29-05-2024,0.05
ORD-0515,Melissa French,Laptop,3,47.97,West,30-05-2024,0
ORD-0516,Jason Hall,Tablet,4,28.32,East,31-05-2024,0.05
ORD-0517,Ronald Harrington,Laptop,1,63.88,East,01-06-2024,0.05
ORD-0518,Mrs. Briana Carter,Phone,1,51.38,South,02-06-2024,0
ORD-0519,Wayne Lynn,Laptop,2,75.98,North,03-06-2024,0.15
ORD-0520,Christopher Webb,Phone,3,49.33,North,04-06-2024,0
ORD-0521,Monique Anderson,Laptop,1,62.35,East,05-06-2024,0.05
ORD-0522,Marcus Smith,Monitor,4,53.11,North,06-06-2024,0.05
ORD-0523,Kaitlin Gonzales,Phone,1,74.65,East,07-06-2024,0
ORD-0524,Melinda Romero,Laptop,3,76.09,North,08-06-2024,0
ORD-0525,Jill Ortiz,Phone,2,71.34,West,09-06-2024,0
ORD-0526,Michelle Crosby,Monitor,2,56.76,North,10-06-2024,0.05
ORD-0527,Daniel Williams,Monitor,4,69.79,East,11-06-2024,0
ORD-0528,Michael Yates,Tablet,3,56.98,North,12-06-2024,0.1
ORD-0529,Victoria Jones DDS,Phone,3,61.04,West,13-06-2024,0
ORD-0530,Candace Thompson,Phone,1,34.74,North,14-06-2024,0.05
ORD-0531,Daniel Harris,Tablet,1,55.26,East,15-06-2024,0.1
ORD-0532,Ronald Silva,Phone,1,72.3,West,16-06-2024,0
ORD-0533,Perry Fleming,Monitor,3,35.57,South,17-06-2024,0
ORD-0534,Gregory Brooks,Laptop,3,64.75,South,18-06-2024,0.05
ORD-0535,David Lee,Phone,2,87.71,West,19-06-2024,0.05
ORD-0536,Terry Carpenter,Monitor,1,71.68,North,20-06-2024,0
ORD-0537,Pamela Hale,Tablet,2,58.79,South,21-06-2024,0
ORD-0538,Joseph Aguilar,Accessories,4,51.71,South,22-06-2024,0.1
ORD-0539,William Owens,Tablet,3,41.64,North,23-06-2024,0.05
ORD-0540,Donna Collins,Monitor,1,53.79,South,24-06-2024,0.05
ORD-0541,Tammy Garcia,Accessories,2,43.51,East,25-06-2024,0
ORD-0542,Joseph Serrano,Accessories,1,96.11,North,26-06-2024,0
ORD-0543,Patricia Marsh,Accessories,4,65.06,East,27-06-2024,0.1
ORD-0544,Janet Baker,Phone,3,51.58,North,28-06-2024,0.05
ORD-0545,Joshua Chen,Tablet,4,61.6,South,29-06-2024,0.05
ORD-0546,Richard Patrick,Tablet,2,59.88,South,30-06-2024,0.15
ORD-0547,Natasha Foster,Phone,3,55.52,East,01-07-2024,0.15
ORD-0548,Marc Johnson,Tablet,1,42.32,South,02-07-2024,0
ORD-0549,Rebecca Hooper DVM,Phone,4,46.05,North,03-07-2024,0.1
ORD-0550,Tanner White,Tablet,3,51.41,North,04-07-2024,0
ORD-0551,David Hunt,Accessories,3,59.96,North,05-07-2024,0
ORD-0552,Phillip Reyes,Phone,2,38.87,South,06-07-2024,0
ORD-0553,Jose Hughes,Laptop,1,86.14,North,07-07-2024,0.15
ORD-0554,William Kennedy,Phone,1,68.66,North,08-07-2024,0.05
ORD-0555,John Cole,Laptop,3,76.25,West,09-07-2024,0
ORD-0556,Steven Wilson,Phone,4,59.94,North,10-07-2024,0.1
ORD-0557,Yvonne Torres,Monitor,2,43.39,South,11-07-2024,0
ORD-0558,Amanda Hoffman,Accessories,3,38.46,North,12-07-2024,0
ORD-0559,Brenda Carlson,Laptop,1,49.22,West,13-07-2024,0.1
ORD-0560,Sara Robinson,Accessories,1,61.62,East,14-07-2024,0
ORD-0561,Mary Jenkins,Accessories,2,79.82,East,15-07-2024,0
ORD-0562,Margaret Jones,Accessories,3,73.35,South,16-07-2024,0
ORD-0563,Betty Rodriguez,Tablet,2,63.17,South,17-07-2024,0
ORD-0564,Eric Collins,Accessories,2,38.93,East,18-07-2024,0
ORD-0565,Madison Jones,Monitor,2,60.67,North,19-07-2024,0
ORD-0566,Scott Smith,Tablet,2,41.54,West,20-07-2024,0
ORD-0567,Paul Smith,Tablet,4,71.74,East,21-07-2024,0
ORD-0568,Brianna Vargas,Accessories,2,44.76,West,22-07-2024,0
ORD-0569,Jessica Weaver,Monitor,4,43.92,North,23-07-2024,0
ORD-0570,Tonya Mcmahon,Phone,3,49.09,East,24-07-2024,0.05
ORD-0571,Susan Brown,Tablet,4,63.05,North,25-07-2024,0.05
ORD-0572,Courtney Dyer,Monitor,2,68.25,North,26-07-2024,0
ORD-0573,Marc Keller,Tablet,4,95.9,East,27-07-2024,0
ORD-0574,Maria Wood,Phone,2,70.07,North,28-07-2024,0
ORD-0575,Michael Jones,Monitor,4,83.35,North,29-07-2024,0.1
ORD-0576,Angel Reed,Accessories,3,54.78,South,30-07-2024,0
ORD-0577,Erin Price,Laptop,3,79.28,North,31-07-2024,0
ORD-0578,Mr. Brandon Torres,Monitor,1,47.92,North,01-08-2024,0
ORD-0579,Andrew Kelley,Phone,2,30.17,South,02-08-2024,0
ORD-0580,William Wiley,Monitor,2,33.64,North,03-08-2024,0
ORD-0581,Casey Mcdonald,Phone,3,39.91,North,04-08-2024,0
ORD-0582,Andrew Avila,Monitor,1,75.4,East,05-08-2024,0
ORD-0583,Denise Harrison,Phone,3,51.86,West,06-08-2024,0.1
ORD-0584,Samuel Mitchell,Phone,1,44.94,North,07-08-2024,0
ORD-0585,Mr. Nicholas Ramirez,Laptop,2,62.44,North,08-08-2024,0.1
ORD-0586,Richard Tate,Phone,4,21.81,North,09-08-2024,0.15
ORD-0587,Raymond James,Phone,1,98.09,North,10-08-2024,0.05
ORD-0588,Alex Thompson,Laptop,3,49.56,South,11-08-2024,0
ORD-0589,Michelle Harper,Monitor,1,80.45,West,12-08-2024,0
ORD-0590,Adam Haynes,Phone,2,77.18,North,13-08-2024,0
ORD-0591,Ryan Shaffer,Phone,2,53.21,East,14-08-2024,0
ORD-0592,Robert Hoover,Laptop,3,98.76,North,15-08-2024,0.1
ORD-0593,Victoria Bond,Accessories,2,40.31,East,16-08-2024,0.05
ORD-0594,Mary Mann,Accessories,1,59.94,East,17-08-2024,0
ORD-0595,Shannon Ryan,Accessories,4,38.72,North,18-08-2024,0
ORD-0596,Christopher Mcdaniel,Tablet,3,58.14,North,19-08-2024,0.05
ORD-0597,Amy Mullins,Tablet,2,64.18,North,20-08-2024,0.05
ORD-0598,Stephen Fischer,Tablet,2,46.33,West,21-08-2024,0
ORD-0599,Mr. Peter House DDS,Accessories,1,51.26,South,22-08-2024,0.05
ORD-0600,Timothy Moore,Accessories,3,47.87,South,23-08-2024,0
ORD-0601,Carolyn Shaw,Laptop,4,57.1,West,24-08-2024,0.05
ORD-0602,Jason Taylor,Laptop,4,73.01,South,25-08-2024,0
ORD-0603,Aaron Thompson,Tablet,3,74.99,North,26-08-2024,0
ORD-0604,Lisa Baker,Accessories,2,57.56,East,27-08-2024,0
ORD-0605,Deborah Whitehead,Monitor,1,50.29,North,28-08-2024,0
ORD-0606,Michael Mccullough,Phone,4,61.03,South,29-08-2024,0.1
ORD-0607,Christopher Rocha,Laptop,1,37.08,South,30-08-2024,0
ORD-0608,Kenneth Hobbs,Accessories,1,73.88,East,31-08-2024,0
ORD-0609,Sandra Carroll,Tablet,3,23.52,South,01-09-2024,0.1
ORD-0610,Anthony Ward,Accessories,1,44.36,East,02-09-2024,0.15
ORD-0611,Maria Scott,Phone,4,64.6,East,03-09-2024,0
ORD-0612,Eileen Morris,Laptop,4,56.02,South,04-09-2024,0
ORD-0613,Katie Kane,Laptop,2,31.9,South,05-09-2024,0.1
ORD-0614,Mrs. Miranda Vasquez,Phone,2,39.47,North,06-09-2024,0
ORD-0615,Carl Parks,Monitor,3,33.3,North,07-09-2024,0
ORD-0616,Amanda Diaz,Accessories,1,41.07,South,08-09-2024,0
ORD-0617,David Cannon,Accessories,3,61.09,West,09-09-2024,0
ORD-0618,Christian Hill,Phone,2,40.46,West,10-09-2024,0
ORD-0619,Shannon Pollard,Monitor,1,66.31,South,11-09-2024,0
ORD-0620,Michaela Sweeney,Tablet,4,59.69,South,12-09-2024,0.05
ORD-0621,James Romero,Accessories,1,39.75,North,13-09-2024,0
ORD-0622,William Cunningham,Accessories,4,66.24,South,14-09-2024,0
ORD-0623,Matthew Palmer,Laptop,1,59.95,South,15-09-2024,0
ORD-0624,Benjamin Ortiz,Phone,2,32.95,South,16-09-2024,0
ORD-0625,Janice Vazquez,Laptop,1,62.17,North,17-09-2024,0.1
ORD-0626,Jacob Clayton,Phone,3,84.23,South,18-09-2024,0
ORD-0627,Wendy Anderson,Tablet,1,49.07,South,19-09-2024,0
ORD-0628,John Raymond,Laptop,2,60.43,West,20-09-2024,0
ORD-0629,Aaron Phillips,Laptop,3,32.25,South,21-09-2024,0.1
ORD-0630,Richard Williams,Phone,2,57.74,North,22-09-2024,0
ORD-0631,Benjamin Lawrence,Laptop,3,68.04,East,23-09-2024,0
ORD-0632,Dr. Jennifer Anderson,Laptop,1,47.51,South,24-09-2024,0.05
ORD-0633,Katrina Rice,Accessories,1,49.85,South,25-09-2024,0
ORD-0634,Joe Young,Phone,4,49.74,North,26-09-2024,0.05
ORD-0635,Tiffany Dillon,Phone,4,44.7,North,27-09-2024,0
ORD-0636,John Oneill,Monitor,3,43.43,South,28-09-2024,0.15
ORD-0637,Kyle Schultz,Tablet,4,44.89,West,29-09-2024,0.1
ORD-0638,Brooke Patterson PhD,Phone,3,51.48,South,30-09-2024,0.05
ORD-0639,Shawn Smith,Phone,1,50.37,West,01-10-2024,0.1
ORD-0640,Aaron Smith,Monitor,3,80.31,North,02-10-2024,0
ORD-0641,Annette Peterson,Accessories,1,51.05,South,03-10-2024,0.05
ORD-0642,Christopher Snyder,Accessories,1,79.01,South,04-10-2024,0.05
ORD-0643,Matthew Gomez,Laptop,3,50.57,South,05-10-2024,0
ORD-0644,Jessica Leon,Monitor,1,38.45,South,06-10-2024,0.1
ORD-0645,Sarah Moreno,Tablet,1,98.03,South,07-10-2024,0
ORD-0646,Jasmine Banks,Monitor,1,93.15,East,08-10-2024,0.05
ORD-0647,Jennifer Jones,Accessories,4,25.68,East,09-10-2024,0
ORD-0648,Kelly Barnes,Tablet,2,35.08,South,10-10-2024,0.15
ORD-0649,Benjamin Holland,Accessories,3,47.21,North,11-10-2024,0
ORD-0650,Stephanie Rogers,Accessories,2,54.12,East,12-10-2024,0.1
ORD-0651,Alicia Green,Phone,1,84.73,North,13-10-2024,0
ORD-0652,Annette Flynn DDS,Phone,4,47.04,East,14-10-2024,0
ORD-0653,Jamie Drake,Tablet,2,45.6,East,15-10-2024,0.05
ORD-0654,Mark Goodman,Tablet,3,44.64,East,16-10-2024,0.15
ORD-0655,Shari Thompson,Phone,2,42.25,South,17-10-2024,0
ORD-0656,Richard Baker,Accessories,1,48.12,West,18-10-2024,0
ORD-0657,Joseph Thompson,Laptop,3,69.63,South,19-10-2024,0.05
ORD-0658,Joshua Burke,Phone,3,53.02,South,20-10-2024,0.15
ORD-0659,Lauren Cherry,Laptop,1,103.48,West,21-10-2024,0
ORD-0660,Katie Jensen,Accessories,2,31.75,West,22-10-2024,0
ORD-0661,Brett Gardner,Accessories,1,47.72,West,23-10-2024,0.15
ORD-0662,Tammy Jones,Phone,1,42.22,South,24-10-2024,0.1
ORD-0663,Brittany Peters,Laptop,2,42.77,North,25-10-2024,0.05
ORD-0664,Ruth Young,Phone,2,40.73,East,26-10-2024,0
ORD-0665,Stephanie King MD,Phone,2,50.97,West,27-10-2024,0
ORD-0666,Melissa Collins,Accessories,4,49.1,West,28-10-2024,0.05
ORD-0667,Debra Powell,Phone,2,53.94,North,29-10-2024,0
ORD-0668,Eric Smith,Laptop,3,120.99,South,30-10-2024,0.05
ORD-0669,Michael Barker,Phone,3,69.12,South,31-10-2024,0
ORD-0670,Russell Dixon,Phone,4,46.99,South,01-11-2024,0
ORD-0671,Steve Bullock,Tablet,2,74.48,North,02-11-2024,0
ORD-0672,Michael Kelly,Phone,3,70.43,South,03-11-2024,0.05
ORD-0673,Dr. Elizabeth Pittman,Phone,1,45.8,South,04-11-2024,0
ORD-0674,Michelle Bennett,Tablet,1,53.88,South,05-11-2024,0
ORD-0675,Melanie Johnson,Phone,3,58.19,West,06-11-2024,0
ORD-0676,Kimberly Hayes,Accessories,1,50.82,West,07-11-2024,0
ORD-0677,Jimmy Clark,Phone,1,38.79,East,08-11-2024,0.05
ORD-0678,Derrick Young,Phone,2,47.13,West,09-11-2024,0
ORD-0679,Christopher Cole,Accessories,1,55.9,North,10-11-2024,0.15
ORD-0680,Carlos Fritz,Phone,1,82.69,East,11-11-2024,0.05
ORD-0681,Kevin Weaver,Phone,4,38.9,East,12-11-2024,0
ORD-0682,John Zuniga,Phone,2,74.64,North,13-11-2024,0
ORD-0683,Dr. Michael Herrera,Laptop,2,68.75,North,14-11-2024,0.1
ORD-0684,Keith Hoover,Accessories,2,94.41,South,15-11-2024,0.05
ORD-0685,James Mason,Accessories,4,76.96,North,16-11-2024,0
ORD-0686,Jennifer Miller,Monitor,2,56.86,North,17-11-2024,0
ORD-0687,Chad Kelly,Accessories,4,91.4,North,18-11-2024,0
ORD-0688,Jeffrey Spears,Phone,2,56.29,North,19-11-2024,0.15
ORD-0689,Justin Brown,Laptop,2,49.76,East,20-11-2024,0.1
ORD-0690,Brian Turner,Phone,2,68.57,North,21-11-2024,0.05
ORD-0691,Rachel Glass,Phone,2,48.44,North,22-11-2024,0
ORD-0692,Kenneth Velazquez,Phone,4,52.33,South,23-11-2024,0
ORD-0693,Brittany Holmes,Tablet,2,52.18,South,24-11-2024,0
ORD-0694,Kyle Parks,Monitor,1,50.7,North,25-11-2024,0.05
ORD-0695,David Harper,Monitor,2,54,West,26-11-2024,0
ORD-0696,Holly Reynolds,Accessories,1,64.03,North,27-11-2024,0
ORD-0697,David Campbell,Monitor,2,107.47,South,28-11-2024,0.1
ORD-0698,Lisa Brown,Laptop,3,43.44,South,29-11-2024,0
ORD-0699,Michael Curry,Phone,3,76,West,30-11-2024,0
ORD-0700,Melissa Martin PhD,Monitor,1,49.01,South,01-12-2024,0.1
ORD-0701,John Morrison,Tablet,3,38.99,West,02-12-2024,0
ORD-0702,Natasha Fletcher,Phone,1,45.61,North,03-12-2024,0
ORD-0703,Jonathan Hughes,Laptop,3,47.13,East,04-12-2024,0
ORD-0704,Tiffany Lawson,Accessories,4,56.8,South,05-12-2024,0.1
ORD-0705,Frederick Mcneil,Tablet,3,73.26,East,06-12-2024,0
ORD-0706,James Washington,Tablet,3,53.05,West,07-12-2024,0.15
ORD-0707,Michelle Oliver,Accessories,1,61.29,East,08-12-2024,0
ORD-0708,Jamie Patterson,Accessories,2,69.33,North,09-12-2024,0.05
ORD-0709,Judy Cox,Phone,2,39.03,South,10-12-2024,0.1
ORD-0710,Miranda Zimmerman,Laptop,2,44.28,East,11-12-2024,0
ORD-0711,Kenneth Malone,Accessories,4,55.07,East,12-12-2024,0
ORD-0712,Timothy Weaver,Phone,3,81.1,South,13-12-2024,0
ORD-0713,Robin Bennett,Phone,3,22.41,East,14-12-2024,0.1
ORD-0714,Mark Lee,Tablet,2,75.5,West,15-12-2024,0
ORD-0715,Alexis Leach,Tablet,4,78.39,East,16-12-2024,0
ORD-0716,Courtney Weiss,Phone,1,76.28,North,17-12-2024,0
ORD-0717,Jodi Johnson,Laptop,2,36.95,East,18-12-2024,0
ORD-0718,Alex Garcia,Laptop,1,52.37,North,19-12-2024,0
ORD-0719,Mia Murphy,Phone,4,48.23,South,20-12-2024,0.1
ORD-0720,Michelle Hardy,Phone,1,63.6,North,21-12-2024,0
ORD-0721,Patrick Wiggins,Accessories,3,58.15,North,22-12-2024,0.05
ORD-0722,Michael Brady,Phone,3,51.78,East,23-12-2024,0.1
ORD-0723,Sara Meyers,Tablet,1,104.76,North,24-12-2024,0.05
ORD-0724,Jordan Black,Laptop,4,72.3,North,25-12-2024,0
ORD-0725,Gina Patterson,Phone,4,99.28,North,26-12-2024,0
ORD-0726,Tina Butler MD,Tablet,2,48.55,West,27-12-2024,0.05
ORD-0727,Christopher Tucker,Phone,1,62.46,North,28-12-2024,0
ORD-0728,Sharon Cabrera,Monitor,2,50.26,South,29-12-2024,0
ORD-0729,Emily Sanchez DDS,Phone,2,48.02,West,30-12-2024,0
ORD-0730,Jane Wilson,Phone,3,90.11,South,31-12-2024,0
ORD-0731,Kelly King,Accessories,2,76.2,North,01-01-2025,0.05
ORD-0732,Tonya Stephens,Tablet,3,56.45,East,02-01-2025,0
ORD-0733,Ms. Kelly Craig DVM,Laptop,1,53.22,South,03-01-2025,0
ORD-0734,Kathy Hart,Monitor,4,47.52,South,04-01-2025,0.15
ORD-0735,Heidi Miller,Tablet,3,64.67,South,05-01-2025,0
ORD-0736,Ryan Jones,Laptop,4,79.53,South,06-01-2025,0.1
ORD-0737,Ryan Briggs,Phone,3,24.95,North,07-01-2025,0.1
ORD-0738,Lisa Phelps,Tablet,2,40.31,South,08-01-2025,0.15
ORD-0739,Christina Joseph,Phone,1,55.05,North,09-01-2025,0.05
ORD-0740,Robert Lane,Phone,1,68.7,South,10-01-2025,0
ORD-0741,Daniel Crawford,Tablet,1,34.78,South,11-01-2025,0
ORD-0742,Paul Hall,Tablet,3,84.96,North,12-01-2025,0
ORD-0743,Patricia Lane,Accessories,2,44.47,North,13-01-2025,0
ORD-0744,Kevin Evans,Monitor,1,49.52,North,14-01-2025,0
ORD-0745,Rebecca Taylor,Laptop,1,52.37,South,15-01-2025,0.1
ORD-0746,Jeffrey Pruitt,Laptop,4,55.57,North,16-01-2025,0
ORD-0747,Logan Long,Phone,3,40.9,North,17-01-2025,0
ORD-0748,Samuel Jackson,Phone,4,30.78,South,18-01-2025,0
ORD-0749,Jason Koch,Tablet,3,71.48,East,19-01-2025,0
ORD-0750,Aaron Smith,Accessories,3,85.71,North,20-01-2025,0
ORD-0751,Henry Rodriguez,Phone,4,70.89,South,21-01-2025,0
ORD-0752,Daniel Smith,Tablet,3,59.48,North,22-01-2025,0.05
ORD-0753,Daniel Williamson,Phone,4,66.12,West,23-01-2025,0
ORD-0754,Veronica Archer,Phone,4,54.15,East,24-01-2025,0.1
ORD-0755,Jordan Fernandez,Phone,4,49.03,South,25-01-2025,0.1
ORD-0756,Samantha Ramos,Monitor,4,67.65,South,26-01-2025,0.1
ORD-0757,Kimberly Ramirez,Laptop,1,54.7,South,27-01-2025,0
ORD-0758,Paul Barr,Tablet,3,41.92,East,28-01-2025,0.15
ORD-0759,Brandi Caldwell,Accessories,2,79.36,East,29-01-2025,0
ORD-0760,Anthony Terry,Tablet,3,54.42,South,30-01-2025,0.1
ORD-0761,Sharon Jones,Tablet,1,90.97,South,31-01-2025,0
ORD-0762,Amanda Rhodes,Phone,1,54.18,West,01-02-2025,0.1
ORD-0763,Javier Clark,Monitor,4,81.27,North,02-02-2025,0
ORD-0764,Elizabeth Wallace MD,Phone,1,43.29,North,03-02-2025,0
ORD-0765,Wendy Henson,Monitor,2,79.71,South,04-02-2025,0
ORD-0766,Nicole Hart,Phone,1,64.88,North,05-02-2025,0
ORD-0767,Matthew Rasmussen,Phone,3,57.18,South,06-02-2025,0.05
ORD-0768,Traci Lam,Phone,3,59.97,South,07-02-2025,0.05
ORD-0769,Donald Lester,Laptop,3,34.16,South,08-02-2025,0.05
ORD-0770,Michelle Allen,Phone,1,90.65,North,09-02-2025,0
ORD-0771,Kristi Mcdowell,Phone,2,36.72,West,10-02-2025,0
ORD-0772,Shannon Gordon,Laptop,2,53.76,North,11-02-2025,0
ORD-0773,Daniel Miranda,Phone,4,57.92,North,12-02-2025,0.05
ORD-0774,Matthew Jacobs,Monitor,3,30.82,North,13-02-2025,0.05
ORD-0775,Carolyn Graves,Laptop,4,56.15,South,14-02-2025,0.05
ORD-0776,Thomas Barry,Accessories,3,52.9,South,15-02-2025,0
ORD-0777,John Ellis,Laptop,3,45.74,South,16-02-2025,0.05
ORD-0778,Melanie Barton,Accessories,2,69.06,East,17-02-2025,0.05
ORD-0779,Spencer Miller,Phone,4,54.3,North,18-02-2025,0.1
ORD-0780,Samuel Moore,Monitor,3,78.37,South,19-02-2025,0
ORD-0781,Glenn Carrillo,Accessories,1,45.92,West,20-02-2025,0.1
ORD-0782,Diana Mann,Laptop,2,40.02,North,21-02-2025,0
ORD-0783,Daniel Lin,Phone,1,45.62,West,22-02-2025,0.05
ORD-0784,James Frank,Phone,3,80.86,South,23-02-2025,0
ORD-0785,Kathy Johnson,Phone,1,113.75,South,24-02-2025,0
ORD-0786,Jenna Blankenship,Laptop,4,41.09,South,25-02-2025,0.05
ORD-0787,Blake Graham,Phone,4,61.83,West,26-02-2025,0
ORD-0788,Maria Martin,Phone,4,67.51,South,27-02-2025,0.05
ORD-0789,Rebecca Patel,Monitor,3,36.15,South,28-02-2025,0
ORD-0790,Terri Ruiz,Tablet,2,56.63,North,01-03-2025,0
ORD-0791,Holly Williams,Laptop,3,67,East,02-03-2025,0
ORD-0792,Mrs. Heather Haynes,Monitor,4,82.1,East,03-03-2025,0.05
ORD-0793,James Patterson,Laptop,1,72.68,East,04-03-2025,0.05
ORD-0794,Larry Jordan,Laptop,4,45.95,West,05-03-2025,0
ORD-0795,David Cross,Laptop,4,36.15,North,06-03-2025,0.1
ORD-0796,Karl Brown,Phone,4,65.56,East,07-03-2025,0
ORD-0797,Rebecca Stewart,Accessories,1,74.84,East,08-03-2025,0
ORD-0798,Betty Smith,Phone,2,55.96,South,09-03-2025,0.15
ORD-0799,Joel Mcdonald,Accessories,4,89.7,North,10-03-2025,0
ORD-0800,David Reynolds,Phone,3,44.92,East,11-03-2025,0
ORD-0801,Jennifer Rodriguez,Tablet,1,54.41,South,12-03-2025,0
ORD-0802,Michael Brown,Laptop,4,89.42,North,13-03-2025,0
ORD-0803,Albert Turner,Monitor,4,84.33,East,14-03-2025,0
ORD-0804,Tony Pope,Phone,3,41.21,North,15-03-2025,0.05
ORD-0805,Karla Cook,Monitor,4,41.12,North,16-03-2025,0
ORD-0806,Andrew Crawford,Phone,2,65.97,South,17-03-2025,0.05
ORD-0807,Brandon Pruitt,Accessories,2,87.21,West,18-03-2025,0
ORD-0808,Donna Reed,Monitor,3,55.83,South,19-03-2025,0
ORD-0809,James Butler,Phone,3,45.39,West,20-03-2025,0.15
ORD-0810,Erik Moses,Monitor,2,42.28,North,21-03-2025,0.05
ORD-0811,Shelley Maynard,Accessories,4,56.44,East,22-03-2025,0.1
ORD-0812,Michael Thompson,Monitor,4,86.15,South,23-03-2025,0.05
ORD-0813,Catherine Callahan MD,Accessories,2,73.46,North,24-03-2025,0.05
ORD-0814,Alexander Gray,Phone,2,73.9,South,25-03-2025,0
ORD-0815,Thomas Young,Monitor,3,46.21,South,26-03-2025,0.05
ORD-0816,Eric Martinez,Laptop,3,55.24,East,27-03-2025,0
ORD-0817,Elizabeth Harris,Laptop,2,56.54,North,28-03-2025,0.05
ORD-0818,Kristin Whitney,Monitor,3,40.41,East,29-03-2025,0
ORD-0819,Veronica Miller,Laptop,4,38.08,South,30-03-2025,0.05
ORD-0820,Mark Yang,Tablet,1,44.21,North,31-03-2025,0
ORD-0821,Andrew Anderson,Accessories,4,71.55,South,01-04-2025,0
ORD-0822,Jeffrey Carpenter,Laptop,2,45.56,South,02-04-2025,0
ORD-0823,Erin Robinson,Accessories,3,65.29,South,03-04-2025,0
ORD-0824,Brent Gonzalez,Phone,4,109.97,South,04-04-2025,0.1
ORD-0825,Charles Henderson,Accessories,4,73.02,West,05-04-2025,0
ORD-0826,Katrina Bennett,Phone,2,71.58,North,06-04-2025,0.05
ORD-0827,John Morgan,Phone,1,60.99,East,07-04-2025,0.1
ORD-0828,Cynthia Thomas,Phone,3,37.25,South,08-04-2025,0.1
ORD-0829,Douglas Cooper,Accessories,4,46.27,South,09-04-2025,0
ORD-0830,Heidi Mack,Phone,4,72.25,South,10-04-2025,0
ORD-0831,Gloria Romero,Accessories,2,59.99,West,11-04-2025,0.1
ORD-0832,Janet Rodriguez,Laptop,3,40.25,North,12-04-2025,0.1
ORD-0833,Meredith Brown,Monitor,2,69.97,North,13-04-2025,0.15
ORD-0834,Alison James,Laptop,4,36.41,East,14-04-2025,0
ORD-0835,Colton Nichols,Tablet,2,67.82,East,15-04-2025,0.05
ORD-0836,Steven Hayden,Tablet,4,43.65,East,16-04-2025,0
ORD-0837,Patrick Palmer,Monitor,1,62.73,South,17-04-2025,0.1
ORD-0838,Timothy Moore,Accessories,1,47.41,East,18-04-2025,0
ORD-0839,Melanie Berg,Tablet,3,76.26,South,19-04-2025,0
ORD-0840,Elizabeth Lee,Laptop,3,62.81,West,20-04-2025,0
ORD-0841,Jacqueline Smith,Tablet,4,61.42,North,21-04-2025,0
ORD-0842,Christina Glenn,Laptop,2,46.97,South,22-04-2025,0
ORD-0843,Leah Norris,Laptop,1,44.86,West,23-04-2025,0.1
ORD-0844,Mrs. Yolanda Nguyen,Phone,2,45.86,South,24-04-2025,0
ORD-0845,David Miller,Laptop,4,23.6,North,25-04-2025,0
ORD-0846,Elizabeth Henry,Phone,1,31.62,South,26-04-2025,0
ORD-0847,Tiffany Roman,Tablet,4,54.73,North,27-04-2025,0
ORD-0848,Michael Richards,Phone,1,69.93,North,28-04-2025,0
ORD-0849,Dennis Camacho,Accessories,1,51.22,East,29-04-2025,0.05
ORD-0850,Angela Miller,Phone,1,43.1,West,30-04-2025,0
ORD-0851,Anthony Meyer,Tablet,1,83.3,North,01-05-2025,0.1
ORD-0852,Nathan Thompson,Tablet,1,65.01,South,02-05-2025,0.15
ORD-0853,Christopher Weiss,Accessories,1,45.58,West,03-05-2025,0.1
ORD-0854,Traci Rodgers,Phone,2,57.07,South,04-05-2025,0.05
ORD-0855,Lisa Jones,Laptop,2,62.91,South,05-05-2025,0.15
ORD-0856,Daniel Noble,Tablet,2,33.23,South,06-05-2025,0.1
ORD-0857,Tanya Armstrong,Laptop,4,56.3,North,07-05-2025,0
ORD-0858,Joel Murray,Phone,2,61.14,North,08-05-2025,0
ORD-0859,Phillip Keller,Monitor,3,59.21,East,09-05-2025,0
ORD-0860,Gregory Higgins,Phone,4,67.42,East,10-05-2025,0.05
ORD-0861,Michael Obrien,Phone,2,49.72,South,11-05-2025,0.05
ORD-0862,Diana Jimenez,Accessories,2,58.01,South,12-05-2025,0.05
ORD-0863,Jasmine Kirk,Phone,2,69.85,North,13-05-2025,0
ORD-0864,Michelle Wilson,Laptop,3,52.02,West,14-05-2025,0.05
ORD-0865,Michelle Davis,Accessories,2,97.05,North,15-05-2025,0
ORD-0866,Bradley Barajas,Accessories,2,112.13,East,16-05-2025,0
ORD-0867,Deanna Campbell,Monitor,3,54.78,South,17-05-2025,0.1
ORD-0868,Kristina Blake,Accessories,2,48.38,East,18-05-2025,0.15
ORD-0869,Melissa Lang,Laptop,3,42.06,North,19-05-2025,0
ORD-0870,Mr. Jacob Warner,Phone,1,65.37,North,20-05-2025,0.1
ORD-0871,Christina Levy,Accessories,3,62.14,East,21-05-2025,0.15
ORD-0872,Marco Jones,Laptop,1,56.26,South,22-05-2025,0
ORD-0873,Karen Richard,Phone,2,75.89,West,23-05-2025,0.15
ORD-0874,Joseph Wright,Monitor,3,72.59,North,24-05-2025,0.05
ORD-0875,John Gibbs,Phone,4,34.08,North,25-05-2025,0.1
ORD-0876,Francisco Salas,Monitor,1,47.4,South,26-05-2025,0.05
ORD-0877,John Carter,Monitor,1,54.29,South,27-05-2025,0.15
ORD-0878,Benjamin Woods,Monitor,1,40.35,North,28-05-2025,0.1
ORD-0879,Scott Diaz,Laptop,4,41.48,East,29-05-2025,0
ORD-0880,Michael Davis,Laptop,4,44.2,North,30-05-2025,0.1
ORD-0881,John Shannon,Laptop,2,49.65,North,31-05-2025,0
ORD-0882,Mark Kennedy,Accessories,2,62.66,North,01-06-2025,0
ORD-0883,Bruce Lee,Laptop,1,85.29,South,02-06-2025,0
ORD-0884,Greg Rosales,Phone,3,49.74,South,03-06-2025,0
ORD-0885,Christine Wilkins,Tablet,2,65.19,East,04-06-2025,0
ORD-0886,William Murphy,Laptop,3,44.87,East,05-06-2025,0
ORD-0887,Christopher Rivers,Laptop,3,48.77,North,06-06-2025,0.05
ORD-0888,Wesley Clark,Laptop,4,48.4,North,07-06-2025,0
ORD-0889,James Suarez,Monitor,3,43.44,South,08-06-2025,0
ORD-0890,Tonya Park,Monitor,4,62.09,North,09-06-2025,0.05
ORD-0891,Joshua Robertson,Monitor,4,77.84,East,10-06-2025,0.05
ORD-0892,Laura Green,Accessories,3,34.74,South,11-06-2025,0
ORD-0893,Laurie Madden,Tablet,1,39.47,North,12-06-2025,0
ORD-0894,Jennifer Brock,Phone,1,66.49,North,13-06-2025,0.1
ORD-0895,David Turner,Laptop,3,71.26,South,14-06-2025,0.05
ORD-0896,Erin Blevins,Accessories,2,74.95,North,15-06-2025,0.05
ORD-0897,Jeffery Murphy,Accessories,4,74.47,South,16-06-2025,0
ORD-0898,Crystal Torres,Laptop,4,36.12,North,17-06-2025,0
ORD-0899,Karen Randall,Accessories,2,61.4,South,18-06-2025,0
ORD-0900,James Jones,Laptop,3,80.1,South,19-06-2025,0.05
ORD-0901,Michael Sloan,Phone,2,52.21,North,20-06-2025,0.1
ORD-0902,Richard Nguyen,Laptop,4,61.04,South,21-06-2025,0
ORD-0903,Mark Davenport,Phone,1,34.94,North,22-06-2025,0
ORD-0904,Timothy Donaldson,Phone,3,50.62,East,23-06-2025,0
ORD-0905,Sydney Murphy,Accessories,1,46.55,East,24-06-2025,0
ORD-0906,Aimee Myers,Monitor,1,36.53,East,25-06-2025,0
ORD-0907,Debra Roman,Accessories,4,58.19,East,26-06-2025,0.05
ORD-0908,James Salazar,Accessories,4,48.81,West,27-06-2025,0.05
ORD-0909,Erin Higgins,Phone,3,52.67,North,28-06-2025,0.1
ORD-0910,Mark Huynh,Laptop,1,32.83,West,29-06-2025,0
ORD-0911,Mary Rodriguez,Accessories,4,63.81,North,30-06-2025,0
ORD-0912,Meredith Sanford,Phone,4,55.09,South,01-07-2025,0
ORD-0913,Ryan Rodriguez,Accessories,2,64.28,South,02-07-2025,0
ORD-0914,Amy Wilson,Phone,3,51.99,South,03-07-2025,0.05
ORD-0915,Edward Burton,Laptop,3,35.78,South,04-07-2025,0
ORD-0916,Katie Gordon,Accessories,2,46.38,West,05-07-2025,0
ORD-0917,Keith Jones,Tablet,4,120.19,West,06-07-2025,0.05
ORD-0918,Kathleen Miller,Accessories,4,43.4,North,07-07-2025,0
ORD-0919,Terry Davila,Phone,3,40.52,South,08-07-2025,0
ORD-0920,Bianca Hughes,Phone,2,42.99,North,09-07-2025,0.1
ORD-0921,Joseph Fisher,Phone,1,32.65,North,10-07-2025,0
ORD-0922,Jason Moran,Accessories,3,113.08,North,11-07-2025,0
ORD-0923,Lacey Sullivan,Phone,4,48.39,East,12-07-2025,0.1
ORD-0924,Patrick Torres,Tablet,3,38.36,North,13-07-2025,0
ORD-0925,Denise Hoffman,Phone,4,63.69,North,14-07-2025,0
ORD-0926,Lisa Moreno,Phone,2,42.61,West,15-07-2025,0
ORD-0927,Anthony Mills,Phone,2,54.95,North,16-07-2025,0.1
ORD-0928,Victoria Morales,Accessories,1,57.71,West,17-07-2025,0.05
ORD-0929,Melissa Soto,Accessories,1,77.02,South,18-07-2025,0
ORD-0930,Madeline Jackson,Laptop,1,29.49,East,19-07-2025,0.05
ORD-0931,Sarah Morgan,Monitor,4,47.03,North,20-07-2025,0.05
ORD-0932,Jessica Davis,Accessories,2,78.1,North,21-07-2025,0.05
ORD-0933,Brianna Walls,Monitor,4,61.87,North,22-07-2025,0
ORD-0934,Chase Wise,Monitor,3,54.68,North,23-07-2025,0.05
ORD-0935,James Williams,Phone,3,52.43,East,24-07-2025,0.15
ORD-0936,Kristine Espinoza,Accessories,3,65.4,North,25-07-2025,0
ORD-0937,Jennifer Grant,Phone,2,59.33,East,26-07-2025,0.1
ORD-0938,Joshua Haas,Phone,2,47.53,East,27-07-2025,0
ORD-0939,Debra Davis,Accessories,4,52.29,West,28-07-2025,0
ORD-0940,Laura Jones,Phone,2,44.63,South,29-07-2025,0
ORD-0941,Joel Hernandez,Laptop,1,58.65,East,30-07-2025,0
ORD-0942,Travis Lewis,Monitor,1,40.95,South,31-07-2025,0
ORD-0943,Anthony Murray,Accessories,4,49.37,South,01-08-2025,0
ORD-0944,Carol Torres,Monitor,1,43.2,East,02-08-2025,0.1
ORD-0945,Jennifer Lane,Accessories,2,61.88,East,03-08-2025,0
ORD-0946,Larry Carr,Monitor,4,51.55,West,04-08-2025,0.05
ORD-0947,Rebecca Castro,Accessories,4,35.53,North,05-08-2025,0
ORD-0948,Sherry White,Phone,3,51.79,East,06-08-2025,0
ORD-0949,Monica Lewis,Accessories,4,63.52,West,07-08-2025,0.1
ORD-0950,Laura Thompson,Accessories,2,49.52,North,08-08-2025,0.1
ORD-0951,Jesse Nelson,Accessories,2,51.19,East,09-08-2025,0
ORD-0952,John Rollins,Accessories,2,34.46,North,10-08-2025,0.1
ORD-0953,Stephanie Caldwell,Phone,1,60.1,East,11-08-2025,0
ORD-0954,Mark Smith,Accessories,3,73.86,East,12-08-2025,0.05
ORD-0955,Ashley Jones,Phone,2,63.9,West,13-08-2025,0
ORD-0956,Andrew Martinez,Phone,1,68.5,East,14-08-2025,0.1
ORD-0957,Dr. Samantha Davis,Laptop,3,53.55,South,15-08-2025,0
ORD-0958,Stephen Brown,Phone,4,42.74,South,16-08-2025,0
ORD-0959,Mallory Knight,Accessories,2,51.21,North,17-08-2025,0
ORD-0960,Zachary Wallace,Phone,2,76.03,South,18-08-2025,0
ORD-0961,Ethan Boyle Jr.,Phone,2,47.13,South,19-08-2025,0
ORD-0962,Keith Carpenter,Monitor,4,44.6,East,20-08-2025,0
ORD-0963,Amanda Roth,Accessories,4,40.96,West,21-08-2025,0
ORD-0964,Anthony Jackson,Laptop,2,76.38,East,22-08-2025,0
ORD-0965,Laura Martin,Monitor,2,48.02,South,23-08-2025,0.05
ORD-0966,Lindsay Contreras,Phone,1,64.52,South,24-08-2025,0
ORD-0967,Kelly Hansen,Phone,4,83.45,West,25-08-2025,0
ORD-0968,Krista Lawrence,Accessories,4,56.37,South,26-08-2025,0.1
ORD-0969,Sherry Lee,Tablet,4,64.61,North,27-08-2025,0.05
ORD-0970,Hayden Harrison,Phone,4,46.78,South,28-08-2025,0
ORD-0971,Teresa Moore,Phone,3,41.11,North,29-08-2025,0
ORD-0972,Sabrina Haley,Tablet,2,61.76,East,30-08-2025,0
ORD-0973,Jennifer Roberts,Laptop,2,65.31,East,31-08-2025,0.05
ORD-0974,Marie Lopez,Monitor,1,43.77,South,01-09-2025,0
ORD-0975,Jacob Hernandez,Tablet,1,47.65,South,02-09-2025,0
ORD-0976,Madison Lopez,Accessories,2,77.27,South,03-09-2025,0.05
ORD-0977,Anthony Fuller,Laptop,1,53.88,North,04-09-2025,0
ORD-0978,Deborah Reyes DVM,Phone,1,57.54,South,05-09-2025,0
ORD-0979,Adam Marsh,Accessories,3,45.22,South,06-09-2025,0.05
ORD-0980,Christine Parker,Phone,4,62.16,South,07-09-2025,0
ORD-0981,Dr. Kelly May,Monitor,4,66.07,South,08-09-2025,0
ORD-0982,Riley Daniels,Accessories,4,41.44,North,09-09-2025,0.1
ORD-0983,James Rowe,Phone,2,62.9,East,10-09-2025,0.1
ORD-0984,Austin Andrews,Accessories,3,33.11,East,11-09-2025,0.05
ORD-0985,Patrick Parker,Monitor,2,68.58,North,12-09-2025,0
ORD-0986,Steven Huff,Phone,4,26.81,South,13-09-2025,0
ORD-0987,Christopher Pittman,Phone,4,76.32,East,14-09-2025,0.1
ORD-0988,Lori Booth,Phone,1,135.09,North,15-09-2025,0
ORD-0989,Karen Reynolds,Laptop,2,34.99,South,16-09-2025,0
ORD-0990,Brian Robinson,Monitor,2,57.28,North,17-09-2025,0
ORD-0991,James Richard,Accessories,1,65.68,North,18-09-2025,0.1
ORD-0992,Matthew Williams,Phone,4,66.07,East,19-09-2025,0.05
ORD-0993,Brian Zavala,Phone,1,36.94,North,20-09-2025,0
ORD-0994,Steve Lopez,Phone,3,34.53,West,21-09-2025,0
ORD-0995,Brendan Thomas,Laptop,4,41.12,South,22-09-2025,0.1
ORD-0996,James Chapman,Accessories,3,37.52,North,23-09-2025,0.05
ORD-0997,Stacey Garcia,Phone,3,70.34,South,24-09-2025,0
ORD-0998,Rachel Gonzalez,Accessories,4,60.19,South,25-09-2025,0.1
ORD-0999,Jeffrey Lin,Tablet,4,86.59,North,26-09-2025,0
