order_id,customer,product,quantity,unit_price,region,order_date,discount,final_unit_price,weekday,total
ORD-0000,Molly Olson,Phone,2,45.65,South,2023-01-01,0.0,45.65,Sunday,91.3
ORD-0001,Lauren Lawrence,Phone,4,61.22,South,2023-01-02,0.0,61.22,Monday,244.88
ORD-0002,Valerie Smith,Laptop,1,55.96,East,2023-01-03,0.0,55.96,Tuesday,55.96
ORD-0003,Lance Thompson,Tablet,3,65.56,North,2023-01-04,0.0,65.56,Wednesday,196.68
ORD-0004,Haley Adams,Accessories,1,34.92,West,2023-01-05,0.0,34.92,Thursday,34.92
ORD-0005,Cynthia Turner,Laptop,4,36.0,North,2023-01-06,0.0,36.0,Friday,144.0
ORD-0006,Marc Evans,Phone,1,58.64,East,2023-01-07,0.0,58.64,Saturday,58.64
ORD-0007,Kayla Smith,Monitor,2,64.87,North,2023-01-08,0.0,64.87,Sunday,129.74
ORD-0008,Lisa Smith,Laptop,4,58.45,North,2023-01-09,0.0,58.45,Monday,233.8
ORD-0009,Elizabeth Evans,Phone,2,46.69,East,2023-01-10,0.0,46.69,Tuesday,93.38
ORD-0010,Robert Roberts,Accessories,3,35.04,North,2023-01-11,0.0,35.04,Wednesday,105.12
ORD-0011,Jordan Johnson,Phone,3,28.07,West,2023-01-12,0.0,28.07,Thursday,84.21000000000001
ORD-0012,Holly Roberts,Tablet,3,67.29,South,2023-01-13,0.0,67.29,Friday,201.87
ORD-0013,Martin Jones,Phone,4,67.0,South,2023-01-14,0.0,67.0,Saturday,268.0
ORD-0014,Stephanie Cook,Monitor,2,40.95,South,2023-01-15,0.0,40.95,Sunday,81.9
ORD-0015,Brenda Banks DVM,Accessories,2,67.73,North,2023-01-16,0.0,67.73,Monday,135.46
ORD-0016,Thomas Santos,Tablet,4,79.52,South,2023-01-17,0.15,67.592,Tuesday,270.368
ORD-0017,Barry Soto,Phone,2,54.4,East,2023-01-18,0.0,54.4,Wednesday,108.8
ORD-0018,Alexander Thompson,Tablet,1,76.79,West,2023-01-19,0.0,76.79,Thursday,76.79
ORD-0019,Paul Griffin,Accessories,3,35.06,East,2023-01-20,0.05,33.307,Friday,99.921
ORD-0020,Danielle Thomas,Monitor,2,39.39,South,2023-01-21,0.05,37.4205,Saturday,74.841
ORD-0021,Tiffany Lucas,Accessories,4,71.23,North,2023-01-22,0.0,71.23,Sunday,284.92
ORD-0022,Kenneth Hughes,Laptop,3,41.79,South,2023-01-23,0.0,41.79,Monday,125.37
ORD-0023,Kevin Riley,Phone,4,66.99,West,2023-01-24,0.0,66.99,Tuesday,267.96
ORD-0024,Daniel Swanson,Phone,3,49.64,North,2023-01-25,0.0,49.64,Wednesday,148.92000000000002
ORD-0025,Susan White,Accessories,1,45.25,South,2023-01-26,0.0,45.25,Thursday,45.25
ORD-0026,William Hutchinson,Tablet,2,84.31,East,2023-01-27,0.0,84.31,Friday,168.62
ORD-0027,Kendra Davis,Laptop,3,43.28,North,2023-01-28,0.0,43.28,Saturday,129.84
ORD-0028,Marcus Alexander,Accessories,1,50.12,North,2023-01-29,0.0,50.12,Sunday,50.12
ORD-0029,Samantha Malone,Tablet,3,63.09,North,2023-01-30,0.05,59.9355,Monday,179.8065
ORD-0030,John Hopkins,Monitor,3,54.25,South,2023-01-31,0.15,46.1125,Tuesday,138.33749999999998
ORD-0031,Jose Brooks,Accessories,4,72.06,North,2023-02-01,0.05,68.457,Wednesday,273.828
ORD-0032,Mary Young,Accessories,4,56.28,North,2023-02-02,0.0,56.28,Thursday,225.12
ORD-0033,Alexander Mays,Monitor,4,73.52,South,2023-02-03,0.15,62.492,Friday,249.968
ORD-0034,Sergio Ayers,Phone,4,75.56,East,2023-02-04,0.0,75.56,Saturday,302.24
ORD-0035,Linda Bullock,Accessories,1,56.51,East,2023-02-05,0.05,53.68449999999999,Sunday,53.68449999999999
ORD-0036,Yolanda Herring,Phone,3,44.84,East,2023-02-06,0.05,42.598,Monday,127.794
ORD-0037,Jon Lee,Accessories,2,58.27,North,2023-02-07,0.05,55.3565,Tuesday,110.713
ORD-0038,Erica Webb,Phone,1,47.8,East,2023-02-08,0.05,45.41,Wednesday,45.41
ORD-0039,Alex Morales,Monitor,1,64.05,North,2023-02-09,0.0,64.05,Thursday,64.05
ORD-0040,Brooke Patton,Laptop,2,73.05,South,2023-02-10,0.0,73.05,Friday,146.1
ORD-0041,Anna Mcpherson,Accessories,1,52.15,East,2023-02-11,0.0,52.15,Saturday,52.15
ORD-0042,Anthony Mccarthy,Phone,4,45.52,West,2023-02-12,0.1,40.968,Sunday,163.872
ORD-0043,Robert Ortega,Monitor,2,38.46,North,2023-02-13,0.0,38.46,Monday,76.92
ORD-0044,Colleen Kline,Accessories,1,54.98,East,2023-02-14,0.0,54.98,Tuesday,54.98
ORD-0045,Kimberly Brown,Tablet,4,69.0,North,2023-02-15,0.1,62.1,Wednesday,248.4
ORD-0046,Jonathan Harris,Monitor,1,93.57,East,2023-02-16,0.1,84.213,Thursday,84.213
ORD-0047,Douglas Morris,Laptop,3,58.68,East,2023-02-17,0.0,58.68,Friday,176.04
ORD-0048,Mark Monroe,Monitor,1,66.6,East,2023-02-18,0.0,66.6,Saturday,66.6
ORD-0049,Kelli Sanchez,Accessories,3,60.05,North,2023-02-19,0.0,60.05,Sunday,180.14999999999998
ORD-0050,Lisa Lam,Accessories,3,53.01,East,2023-02-20,0.0,53.01,Monday,159.03
ORD-0051,Tricia Navarro,Accessories,3,69.19,South,2023-02-21,0.05,65.73049999999999,Tuesday,197.19149999999996
ORD-0052,Glenn Simpson,Phone,2,81.36,South,2023-02-22,0.0,81.36,Wednesday,162.72
ORD-0053,Cristian Vargas,Tablet,4,54.95,South,2023-02-23,0.0,54.95,Thursday,219.8
ORD-0054,James Knapp,Accessories,1,74.32,South,2023-02-24,0.0,74.32,Friday,74.32
ORD-0055,Ryan Kerr,Tablet,4,47.08,North,2023-02-25,0.0,47.08,Saturday,188.32
ORD-0056,Sydney Cook,Phone,1,49.93,South,2023-02-26,0.0,49.93,Sunday,49.93
ORD-0057,Crystal Contreras,Accessories,1,36.4,South,2023-02-27,0.1,32.76,Monday,32.76
ORD-0058,Cole Nelson,Monitor,2,74.36,South,2023-02-28,0.05,70.642,Tuesday,141.284
ORD-0059,Alec Booth,Laptop,4,58.26,East,2023-03-01,0.1,52.434,Wednesday,209.736
ORD-0060,Candace Jones,Accessories,4,49.48,South,2023-03-02,0.1,44.532,Thursday,178.128
ORD-0061,Kyle Singleton,Accessories,2,71.38,East,2023-03-03,0.0,71.38,Friday,142.76
ORD-0062,Jason Wood,Phone,1,37.75,East,2023-03-04,0.0,37.75,Saturday,37.75
ORD-0063,Edward Anderson,Phone,1,72.3,West,2023-03-05,0.1,65.07,Sunday,65.07
ORD-0064,Dawn Thompson MD,Phone,4,61.58,South,2023-03-06,0.1,55.422,Monday,221.688
ORD-0065,Tina Wilson,Phone,3,55.66,North,2023-03-07,0.05,52.876999999999995,Tuesday,158.63099999999997
ORD-0066,Natalie Gomez DVM,Tablet,1,74.92,South,2023-03-08,0.0,74.92,Wednesday,74.92
ORD-0067,Steve Pace,Phone,1,41.62,South,2023-03-09,0.1,37.458,Thursday,37.458
ORD-0068,Michael Lee,Accessories,2,56.15,South,2023-03-10,0.1,50.535,Friday,101.07
ORD-0069,Ashley Rodriguez,Accessories,2,65.58,South,2023-03-11,0.0,65.58,Saturday,131.16
ORD-0070,Scott Brown,Monitor,4,82.83,North,2023-03-12,0.0,82.83,Sunday,331.32
ORD-0071,David Lopez,Monitor,4,30.96,South,2023-03-13,0.1,27.864,Monday,111.456
ORD-0072,Austin Hensley,Monitor,3,63.71,South,2023-03-14,0.0,63.71,Tuesday,191.13
ORD-0073,Dawn Orozco,Monitor,3,62.91,South,2023-03-15,0.0,62.91,Wednesday,188.73
ORD-0074,Edward Hernandez,Laptop,1,31.59,West,2023-03-16,0.05,30.010499999999997,Thursday,30.010499999999997
ORD-0075,Natasha Morrison,Monitor,3,49.7,South,2023-03-17,0.0,49.7,Friday,149.10000000000002
ORD-0076,Lisa Hopkins,Tablet,2,70.82,South,2023-03-18,0.0,70.82,Saturday,141.64
ORD-0077,Jessica Watson,Monitor,1,57.63,South,2023-03-19,0.0,57.63,Sunday,57.63
ORD-0078,Isabel Fernandez,Monitor,3,33.7,North,2023-03-20,0.0,33.7,Monday,101.10000000000001
ORD-0079,Desiree Solis,Tablet,4,45.21,South,2023-03-21,0.0,45.21,Tuesday,180.84
ORD-0080,Cassie Salazar,Laptop,4,66.3,North,2023-03-22,0.0,66.3,Wednesday,265.2
ORD-0081,Gregory Bryant,Phone,4,42.26,North,2023-03-23,0.05,40.147,Thursday,160.588
ORD-0082,Valerie Mays,Tablet,3,56.83,East,2023-03-24,0.1,51.147,Friday,153.441
ORD-0083,Courtney Wang,Monitor,4,47.67,North,2023-03-25,0.0,47.67,Saturday,190.68
ORD-0084,Natalie Hansen,Laptop,4,83.91,West,2023-03-26,0.0,83.91,Sunday,335.64
ORD-0085,Alexis Rose,Laptop,1,47.25,East,2023-03-27,0.1,42.525,Monday,42.525
ORD-0086,Evan Juarez,Accessories,3,96.64,East,2023-03-28,0.0,96.64,Tuesday,289.92
ORD-0087,Maria Mueller,Phone,1,66.32,North,2023-03-29,0.0,66.32,Wednesday,66.32
ORD-0088,Tara Wade,Phone,2,28.35,South,2023-03-30,0.05,26.9325,Thursday,53.865
ORD-0089,Jeremy Miller,Tablet,3,89.48,South,2023-03-31,0.1,80.53200000000001,Friday,241.59600000000003
ORD-0090,Jessica Wilson,Phone,3,56.43,South,2023-04-01,0.0,56.43,Saturday,169.29
ORD-0091,Kristin Li,Laptop,4,83.44,North,2023-04-02,0.15,70.92399999999999,Sunday,283.69599999999997
ORD-0092,Joseph Fisher,Monitor,2,79.21,North,2023-04-03,0.0,79.21,Monday,158.42
ORD-0093,Joe Johnson,Phone,4,112.35,North,2023-04-04,0.0,112.35,Tuesday,449.4
ORD-0094,Anna Boone,Laptop,4,85.17,East,2023-04-05,0.0,85.17,Wednesday,340.68
ORD-0095,Nicholas Hernandez,Accessories,3,39.29,North,2023-04-06,0.0,39.29,Thursday,117.87
ORD-0096,Timothy Robinson,Phone,4,81.25,West,2023-04-07,0.05,77.1875,Friday,308.75
ORD-0097,Morgan Moore,Laptop,4,43.69,South,2023-04-08,0.1,39.321,Saturday,157.284
ORD-0098,Gerald Fisher,Laptop,3,73.44,South,2023-04-09,0.05,69.768,Sunday,209.304
ORD-0099,Jennifer Taylor,Laptop,2,57.83,South,2023-04-10,0.0,57.83,Monday,115.66
ORD-0100,Marcus Li,Monitor,2,65.78,East,2023-04-11,0.0,65.78,Tuesday,131.56
ORD-0101,Bruce Scott,Laptop,1,47.6,North,2023-04-12,0.0,47.6,Wednesday,47.6
ORD-0102,Jennifer Russell,Laptop,1,73.57,North,2023-04-13,0.05,69.8915,Thursday,69.8915
ORD-0103,Teresa Perez,Laptop,1,38.12,East,2023-04-14,0.0,38.12,Friday,38.12
ORD-0104,Michael Stevenson,Laptop,3,58.37,South,2023-04-15,0.1,52.533,Saturday,157.599
ORD-0105,Daniel Miller,Phone,4,83.08,South,2023-04-16,0.0,83.08,Sunday,332.32
ORD-0106,Crystal Lopez,Tablet,3,162.21,North,2023-04-17,0.0,162.21,Monday,486.63
ORD-0107,Jay Yoder,Tablet,4,75.61,South,2023-04-18,0.0,75.61,Tuesday,302.44
ORD-0108,Amy Fuller,Phone,1,54.92,East,2023-04-19,0.0,54.92,Wednesday,54.92
ORD-0109,Stacey Rice,Accessories,3,52.57,South,2023-04-20,0.0,52.57,Thursday,157.71
ORD-0110,Devin Contreras,Accessories,1,56.27,South,2023-04-21,0.05,53.4565,Friday,53.4565
ORD-0111,Jacqueline Diaz,Laptop,2,51.12,South,2023-04-22,0.05,48.56399999999999,Saturday,97.12799999999999
ORD-0112,Nicole Martinez,Accessories,4,39.07,West,2023-04-23,0.15,33.2095,Sunday,132.838
ORD-0113,Tony Faulkner,Laptop,3,46.45,North,2023-04-24,0.05,44.1275,Monday,132.3825
ORD-0114,Karen Anderson,Laptop,3,42.23,East,2023-04-25,0.05,40.1185,Tuesday,120.35549999999999
ORD-0115,Abigail Foley,Phone,2,27.11,North,2023-04-26,0.0,27.11,Wednesday,54.22
ORD-0116,Annette Zuniga,Accessories,3,51.21,South,2023-04-27,0.05,48.649499999999996,Thursday,145.9485
ORD-0117,Jacob Rivera,Monitor,4,61.95,North,2023-04-28,0.0,61.95,Friday,247.8
ORD-0118,Debbie Byrd,Accessories,3,52.4,North,2023-04-29,0.05,49.779999999999994,Saturday,149.33999999999997
ORD-0119,Michael Welch,Monitor,3,46.8,North,2023-04-30,0.0,46.8,Sunday,140.39999999999998
ORD-0120,Joseph Blake,Accessories,1,31.91,North,2023-05-01,0.0,31.91,Monday,31.91
ORD-0121,Jessica Garcia,Phone,3,44.36,East,2023-05-02,0.05,42.141999999999996,Tuesday,126.42599999999999
ORD-0122,Nicholas Haley,Accessories,3,77.26,North,2023-05-03,0.1,69.534,Wednesday,208.60200000000003
ORD-0123,Curtis Owens,Phone,1,78.16,North,2023-05-04,0.0,78.16,Thursday,78.16
ORD-0124,Heather Shaffer,Monitor,4,93.34,West,2023-05-05,0.0,93.34,Friday,373.36
ORD-0125,Michael Jackson,Monitor,3,52.03,East,2023-05-06,0.0,52.03,Saturday,156.09
ORD-0126,Jordan Harris,Laptop,3,51.2,North,2023-05-07,0.05,48.64,Sunday,145.92000000000002
ORD-0127,Mark Flores,Accessories,2,51.5,West,2023-05-08,0.0,51.5,Monday,103.0
ORD-0128,Morgan Rios,Tablet,4,35.58,West,2023-05-09,0.0,35.58,Tuesday,142.32
ORD-0129,James Williams,Monitor,1,60.41,North,2023-05-10,0.0,60.41,Wednesday,60.41
ORD-0130,James Lee,Accessories,2,53.38,East,2023-05-11,0.1,48.042,Thursday,96.084
ORD-0131,Stephen Church,Tablet,3,41.38,East,2023-05-12,0.0,41.38,Friday,124.14000000000001
ORD-0132,Grant Butler,Monitor,2,52.87,South,2023-05-13,0.05,50.226499999999994,Saturday,100.45299999999999
ORD-0133,Brian Woodard,Laptop,3,58.65,East,2023-05-14,0.0,58.65,Sunday,175.95
ORD-0134,Joseph Fitzgerald,Phone,2,56.85,West,2023-05-15,0.0,56.85,Monday,113.7
ORD-0135,Mario Burns,Laptop,3,36.29,East,2023-05-16,0.1,32.661,Tuesday,97.983
ORD-0136,Robin Arnold,Monitor,3,38.63,North,2023-05-17,0.05,36.6985,Wednesday,110.09550000000002
ORD-0137,Adam Gilbert,Monitor,2,47.17,North,2023-05-18,0.05,44.8115,Thursday,89.623
ORD-0138,Mary Wilson MD,Tablet,4,54.8,North,2023-05-19,0.0,54.8,Friday,219.2
ORD-0139,Christopher Hunt,Phone,1,98.88,South,2023-05-20,0.0,98.88,Saturday,98.88
ORD-0140,Martin Gilbert,Laptop,1,85.39,North,2023-05-21,0.0,85.39,Sunday,85.39
ORD-0141,Ivan Santana,Accessories,2,83.19,West,2023-05-22,0.1,74.871,Monday,149.742
ORD-0142,Jacob Ferguson,Phone,3,46.23,West,2023-05-23,0.05,43.918499999999995,Tuesday,131.75549999999998
ORD-0143,Michele Ferrell,Accessories,3,53.57,South,2023-05-24,0.1,48.213,Wednesday,144.639
ORD-0144,Tracy Ferguson,Tablet,1,30.51,West,2023-05-25,0.0,30.51,Thursday,30.51
ORD-0145,Matthew Rodriguez,Accessories,4,68.64,East,2023-05-26,0.0,68.64,Friday,274.56
ORD-0146,Earl Carroll Jr.,Tablet,1,32.12,North,2023-05-27,0.05,30.513999999999996,Saturday,30.513999999999996
ORD-0147,Kimberly Bonilla,Accessories,2,92.16,East,2023-05-28,0.0,92.16,Sunday,184.32
ORD-0148,Diane Hernandez,Tablet,3,38.77,North,2023-05-29,0.0,38.77,Monday,116.31
ORD-0149,Erica Bailey,Accessories,1,47.87,South,2023-05-30,0.0,47.87,Tuesday,47.87
ORD-0150,Victor Nguyen PhD,Laptop,1,32.25,East,2023-05-31,0.05,30.6375,Wednesday,30.6375
ORD-0151,Julie Wilkinson,Tablet,1,55.89,South,2023-06-01,0.05,53.0955,Thursday,53.0955
ORD-0152,Stephanie Stuart,Laptop,3,40.89,East,2023-06-02,0.1,36.801,Friday,110.403
ORD-0153,Paula Rosario,Tablet,4,27.2,East,2023-06-03,0.1,24.48,Saturday,97.92
ORD-0154,Yolanda Coleman,Laptop,1,32.62,South,2023-06-04,0.05,30.988999999999997,Sunday,30.988999999999997
ORD-0155,Teresa Johnson,Tablet,3,49.96,North,2023-06-05,0.0,49.96,Monday,149.88
ORD-0156,Craig Smith,Phone,4,69.22,North,2023-06-06,0.1,62.298,Tuesday,249.192
ORD-0157,Robert Li,Laptop,4,50.78,North,2023-06-07,0.1,45.702000000000005,Wednesday,182.80800000000002
ORD-0158,Cory Snyder,Phone,2,44.49,South,2023-06-08,0.05,42.2655,Thursday,84.531
ORD-0159,Angela Fletcher,Phone,1,68.44,South,2023-06-09,0.05,65.018,Friday,65.018
ORD-0160,Mr. Nicholas Robertson,Accessories,4,39.73,North,2023-06-10,0.1,35.757,Saturday,143.028
ORD-0161,Ashley Lopez MD,Laptop,4,55.61,South,2023-06-11,0.0,55.61,Sunday,222.44
ORD-0162,Michael Malone,Phone,4,48.36,North,2023-06-12,0.0,48.36,Monday,193.44
ORD-0163,Paul Walls,Laptop,3,48.24,North,2023-06-13,0.0,48.24,Tuesday,144.72
ORD-0164,Deborah Short,Tablet,4,54.44,South,2023-06-14,0.0,54.44,Wednesday,217.76
ORD-0165,Rebecca Hines,Accessories,1,36.69,North,2023-06-15,0.0,36.69,Thursday,36.69
ORD-0166,Isaiah Lee,Phone,1,37.24,North,2023-06-16,0.1,33.516000000000005,Friday,33.516000000000005
ORD-0167,Michael Brewer,Phone,2,46.8,West,2023-06-17,0.0,46.8,Saturday,93.6
ORD-0168,Justin Baker,Tablet,3,75.7,North,2023-06-18,0.05,71.915,Sunday,215.745
ORD-0169,Danielle Martin,Accessories,1,77.83,West,2023-06-19,0.05,73.93849999999999,Monday,73.93849999999999
ORD-0170,Jennifer Garcia,Laptop,4,47.98,South,2023-06-20,0.0,47.98,Tuesday,191.92
ORD-0171,William Anderson,Monitor,3,63.31,South,2023-06-21,0.1,56.979000000000006,Wednesday,170.937
ORD-0172,Steven Ellison,Phone,4,56.79,South,2023-06-22,0.05,53.9505,Thursday,215.802
ORD-0173,Joel Floyd,Laptop,4,57.01,South,2023-06-23,0.0,57.01,Friday,228.04
ORD-0174,Austin Riley,Phone,1,48.38,East,2023-06-24,0.1,43.542,Saturday,43.542
ORD-0175,Cynthia Reyes,Phone,4,51.26,South,2023-06-25,0.05,48.696999999999996,Sunday,194.78799999999998
ORD-0176,Joseph Tucker,Laptop,4,44.05,South,2023-06-26,0.0,44.05,Monday,176.2
ORD-0177,Rebekah Foster,Phone,4,44.35,South,2023-06-27,0.0,44.35,Tuesday,177.4
ORD-0178,Zachary Thomas,Accessories,1,32.18,South,2023-06-28,0.0,32.18,Wednesday,32.18
ORD-0179,Brian Nelson,Monitor,3,55.82,South,2023-06-29,0.0,55.82,Thursday,167.46
ORD-0180,Karen Robinson,Monitor,1,59.77,East,2023-06-30,0.0,59.77,Friday,59.77
ORD-0181,Bruce Cook,Laptop,2,72.89,South,2023-07-01,0.05,69.24549999999999,Saturday,138.49099999999999
ORD-0182,Karen James,Accessories,1,81.71,North,2023-07-02,0.1,73.539,Sunday,73.539
ORD-0183,Gina Cummings,Laptop,1,34.57,South,2023-07-03,0.0,34.57,Monday,34.57
ORD-0184,Matthew Everett,Laptop,4,64.45,North,2023-07-04,0.0,64.45,Tuesday,257.8
ORD-0185,Laura Berg,Phone,4,70.77,West,2023-07-05,0.0,70.77,Wednesday,283.08
ORD-0186,Christopher Woods,Phone,1,70.1,South,2023-07-06,0.1,63.089999999999996,Thursday,63.089999999999996
ORD-0187,Catherine Mckee,Accessories,3,70.47,East,2023-07-07,0.05,66.9465,Friday,200.8395
ORD-0188,Miss Paula Williams,Phone,4,57.07,North,2023-07-08,0.05,54.216499999999996,Saturday,216.86599999999999
ORD-0189,Suzanne Hodges,Tablet,1,56.91,East,2023-07-09,0.1,51.219,Sunday,51.219
ORD-0190,Rhonda Brown,Phone,2,63.12,South,2023-07-10,0.05,59.96399999999999,Monday,119.92799999999998
ORD-0191,Steven Hamilton,Phone,1,30.98,East,2023-07-11,0.0,30.98,Tuesday,30.98
ORD-0192,Trevor Howard,Tablet,3,72.16,East,2023-07-12,0.0,72.16,Wednesday,216.48
ORD-0193,Joel Johnson,Phone,1,52.85,South,2023-07-13,0.0,52.85,Thursday,52.85
ORD-0194,Dwayne Kaiser,Monitor,3,54.21,North,2023-07-14,0.15,46.0785,Friday,138.2355
ORD-0195,Laura Franco,Phone,4,56.06,South,2023-07-15,0.05,53.257,Saturday,213.028
ORD-0196,Beth Reynolds,Phone,2,44.98,South,2023-07-16,0.05,42.730999999999995,Sunday,85.46199999999999
ORD-0197,Tyler Meyers,Phone,3,35.29,North,2023-07-17,0.0,35.29,Monday,105.87
ORD-0198,Julie Humphrey,Accessories,4,100.08,North,2023-07-18,0.0,100.08,Tuesday,400.32
ORD-0199,Keith Morgan MD,Phone,1,62.01,North,2023-07-19,0.0,62.01,Wednesday,62.01
ORD-0200,Michael Smith,Monitor,2,67.42,South,2023-07-20,0.0,67.42,Thursday,134.84
ORD-0201,Elizabeth Rivera,Phone,1,58.46,South,2023-07-21,0.0,58.46,Friday,58.46
ORD-0202,Brian Baker,Tablet,3,63.09,North,2023-07-22,0.0,63.09,Saturday,189.27
ORD-0203,Amy Cortez,Phone,4,79.33,East,2023-07-23,0.0,79.33,Sunday,317.32
ORD-0204,Melissa Oconnor,Accessories,2,52.87,North,2023-07-24,0.0,52.87,Monday,105.74
ORD-0205,Janet Hernandez,Monitor,4,71.95,North,2023-07-25,0.0,71.95,Tuesday,287.8
ORD-0206,Brenda Bush,Laptop,3,98.26,North,2023-07-26,0.05,93.347,Wednesday,280.041
ORD-0207,David Kelly,Monitor,3,46.6,North,2023-07-27,0.1,41.940000000000005,Thursday,125.82000000000002
ORD-0208,Robert Brown,Accessories,2,46.84,East,2023-07-28,0.0,46.84,Friday,93.68
ORD-0209,Adrian Mckee,Monitor,3,42.49,North,2023-07-29,0.0,42.49,Saturday,127.47
ORD-0210,Reginald Wright,Monitor,4,41.03,North,2023-07-30,0.0,41.03,Sunday,164.12
ORD-0211,Bianca Mack,Monitor,3,29.98,East,2023-07-31,0.1,26.982,Monday,80.946
ORD-0212,Paula Herring,Phone,1,50.82,South,2023-08-01,0.0,50.82,Tuesday,50.82
ORD-0213,Stephanie Hunter,Monitor,4,95.75,South,2023-08-02,0.0,95.75,Wednesday,383.0
ORD-0214,George Odonnell,Phone,1,86.83,East,2023-08-03,0.05,82.48849999999999,Thursday,82.48849999999999
ORD-0215,Wanda Garza,Tablet,3,72.12,South,2023-08-04,0.0,72.12,Friday,216.36
ORD-0216,Michael Aguirre,Laptop,3,38.8,West,2023-08-05,0.0,38.8,Saturday,116.39999999999999
ORD-0217,Emily Payne,Tablet,4,77.07,West,2023-08-06,0.0,77.07,Sunday,308.28
ORD-0218,Mr. Eric Hernandez,Accessories,4,85.42,South,2023-08-07,0.05,81.149,Monday,324.596
ORD-0219,Scott Weiss,Accessories,2,54.72,South,2023-08-08,0.05,51.983999999999995,Tuesday,103.96799999999999
ORD-0220,Brandon Zhang,Accessories,1,77.98,South,2023-08-09,0.0,77.98,Wednesday,77.98
ORD-0221,Lisa Phillips,Tablet,1,32.03,North,2023-08-10,0.0,32.03,Thursday,32.03
ORD-0222,Anne Haynes,Accessories,2,57.93,East,2023-08-11,0.0,57.93,Friday,115.86
ORD-0223,Dylan Clark,Tablet,4,46.83,North,2023-08-12,0.0,46.83,Saturday,187.32
ORD-0224,Kimberly Hansen,Laptop,2,43.34,North,2023-08-13,0.0,43.34,Sunday,86.68
ORD-0225,Elizabeth Ruiz,Laptop,1,35.91,North,2023-08-14,0.1,32.318999999999996,Monday,32.318999999999996
ORD-0226,Teresa Boone,Accessories,4,43.97,South,2023-08-15,0.0,43.97,Tuesday,175.88
ORD-0227,Amanda Swanson,Tablet,2,98.61,East,2023-08-16,0.1,88.749,Wednesday,177.498
ORD-0228,Mrs. Anna Pollard,Accessories,3,49.55,South,2023-08-17,0.05,47.0725,Thursday,141.2175
ORD-0229,Richard Olson,Monitor,2,36.57,North,2023-08-18,0.0,36.57,Friday,73.14
ORD-0230,Kevin Cummings,Monitor,1,38.57,East,2023-08-19,0.1,34.713,Saturday,34.713
ORD-0231,Teresa Wilson,Tablet,2,53.06,South,2023-08-20,0.0,53.06,Sunday,106.12
ORD-0232,Matthew Jackson,Tablet,4,56.51,North,2023-08-21,0.0,56.51,Monday,226.04
ORD-0233,Wendy Anderson,Laptop,2,96.02,East,2023-08-22,0.0,96.02,Tuesday,192.04
ORD-0234,Brenda Miller,Laptop,1,25.09,North,2023-08-23,0.05,23.8355,Wednesday,23.8355
ORD-0235,Ryan Williams,Laptop,3,53.27,South,2023-08-24,0.1,47.943000000000005,Thursday,143.829
ORD-0236,Joseph Gray,Tablet,3,56.54,North,2023-08-25,0.0,56.54,Friday,169.62
ORD-0237,Daniel Weber,Tablet,2,67.22,East,2023-08-26,0.15,57.137,Saturday,114.274
ORD-0238,Amanda Payne,Tablet,1,62.5,East,2023-08-27,0.0,62.5,Sunday,62.5
ORD-0239,Charles Giles,Monitor,4,64.97,West,2023-08-28,0.15,55.2245,Monday,220.898
ORD-0240,Anita George,Accessories,2,66.5,East,2023-08-29,0.1,59.85,Tuesday,119.7
ORD-0241,Tonya Hernandez,Accessories,4,53.82,West,2023-08-30,0.0,53.82,Wednesday,215.28
ORD-0242,Kimberly Sanders,Laptop,4,46.75,North,2023-08-31,0.0,46.75,Thursday,187.0
ORD-0243,Richard Scott,Laptop,4,53.3,South,2023-09-01,0.05,50.635,Friday,202.54
ORD-0244,Sean Flores,Phone,4,48.69,East,2023-09-02,0.0,48.69,Saturday,194.76
ORD-0245,Anthony Carlson,Phone,3,47.61,East,2023-09-03,0.1,42.849000000000004,Sunday,128.54700000000003
ORD-0246,Danielle Clark,Phone,1,74.0,South,2023-09-04,0.05,70.3,Monday,70.3
ORD-0247,Trevor Ryan,Laptop,4,90.45,North,2023-09-05,0.15,76.88250000000001,Tuesday,307.53000000000003
ORD-0248,Amy Santiago,Monitor,4,69.36,South,2023-09-06,0.0,69.36,Wednesday,277.44
ORD-0249,Amanda Bryant,Phone,2,78.08,North,2023-09-07,0.0,78.08,Thursday,156.16
ORD-0250,Kristy Sherman,Phone,2,96.93,South,2023-09-08,0.05,92.0835,Friday,184.167
ORD-0251,Kathleen Reyes,Phone,3,90.82,North,2023-09-09,0.05,86.279,Saturday,258.837
ORD-0252,Erin Hobbs,Accessories,4,51.11,South,2023-09-10,0.0,51.11,Sunday,204.44
ORD-0253,Erin Johnson,Monitor,3,72.69,East,2023-09-11,0.0,72.69,Monday,218.07
ORD-0254,Elizabeth Johnson,Accessories,3,52.9,North,2023-09-12,0.05,50.254999999999995,Tuesday,150.765
ORD-0255,Nathan Villanueva,Monitor,3,70.64,North,2023-09-13,0.05,67.108,Wednesday,201.324
ORD-0256,Marvin Lewis,Laptop,3,81.05,South,2023-09-14,0.05,76.99749999999999,Thursday,230.99249999999995
ORD-0257,Stephen Hartman,Phone,2,70.02,North,2023-09-15,0.05,66.51899999999999,Friday,133.03799999999998
ORD-0258,Traci Henderson,Monitor,3,47.4,North,2023-09-16,0.0,47.4,Saturday,142.2
ORD-0259,Samantha Greene,Tablet,3,59.68,East,2023-09-17,0.0,59.68,Sunday,179.04
ORD-0260,John Adkins,Monitor,3,38.48,North,2023-09-18,0.1,34.632,Monday,103.89599999999999
ORD-0261,Rachel Brooks,Accessories,3,56.51,East,2023-09-19,0.0,56.51,Tuesday,169.53
ORD-0262,Amy Rich,Laptop,3,51.97,South,2023-09-20,0.0,51.97,Wednesday,155.91
ORD-0263,Mallory Soto,Phone,4,40.54,South,2023-09-21,0.0,40.54,Thursday,162.16
ORD-0264,Michael Davis,Laptop,3,42.68,South,2023-09-22,0.0,42.68,Friday,128.04
ORD-0265,Jason Cook,Accessories,1,55.81,North,2023-09-23,0.0,55.81,Saturday,55.81
ORD-0266,Michael Taylor,Monitor,3,74.67,North,2023-09-24,0.05,70.9365,Sunday,212.80949999999999
ORD-0267,Alisha Hall,Tablet,2,63.29,North,2023-09-25,0.0,63.29,Monday,126.58
ORD-0268,Jessica Johnson,Accessories,3,59.09,North,2023-09-26,0.0,59.09,Tuesday,177.27
ORD-0269,Carrie Mcgee,Phone,4,36.49,South,2023-09-27,0.0,36.49,Wednesday,145.96
ORD-0270,Laura Coleman,Accessories,1,70.86,North,2023-09-28,0.0,70.86,Thursday,70.86
ORD-0271,Christopher Jones,Laptop,1,72.83,North,2023-09-29,0.1,65.547,Friday,65.547
ORD-0272,Lisa Bailey,Monitor,4,69.82,North,2023-09-30,0.0,69.82,Saturday,279.28
ORD-0273,Jill Brown,Tablet,3,67.12,South,2023-10-01,0.05,63.764,Sunday,191.292
ORD-0274,Jenna Davis,Accessories,1,71.61,North,2023-10-02,0.0,71.61,Monday,71.61
ORD-0275,Katherine Marshall,Accessories,3,54.61,North,2023-10-03,0.1,49.149,Tuesday,147.447
ORD-0276,Sydney Zavala,Monitor,3,58.51,South,2023-10-04,0.0,58.51,Wednesday,175.53
ORD-0277,Rebecca Madden,Phone,2,24.89,East,2023-10-05,0.1,22.401,Thursday,44.802
ORD-0278,Mario Savage,Accessories,2,38.22,South,2023-10-06,0.0,38.22,Friday,76.44
ORD-0279,Dawn Gilmore,Monitor,2,75.43,South,2023-10-07,0.0,75.43,Saturday,150.86
ORD-0280,Bryan Mckinney,Accessories,2,37.8,North,2023-10-08,0.1,34.019999999999996,Sunday,68.03999999999999
ORD-0281,Christian Jones,Tablet,1,82.18,East,2023-10-09,0.05,78.071,Monday,78.071
ORD-0282,Mr. Robert Fisher,Phone,2,48.47,South,2023-10-10,0.0,48.47,Tuesday,96.94
ORD-0283,James Williamson,Phone,3,33.39,South,2023-10-11,0.0,33.39,Wednesday,100.17
ORD-0284,Victoria Jarvis,Tablet,1,34.9,East,2023-10-12,0.1,31.41,Thursday,31.41
ORD-0285,William Newton,Accessories,3,52.27,South,2023-10-13,0.0,52.27,Friday,156.81
ORD-0286,Antonio Chang,Phone,2,77.21,East,2023-10-14,0.05,73.34949999999999,Saturday,146.69899999999998
ORD-0287,Steve Williams,Laptop,2,43.04,South,2023-10-15,0.0,43.04,Sunday,86.08
ORD-0288,Jennifer Contreras,Laptop,3,43.92,North,2023-10-16,0.0,43.92,Monday,131.76
ORD-0289,Kevin Gaines,Phone,4,45.09,East,2023-10-17,0.1,40.581,Tuesday,162.324
ORD-0290,Matthew Drake,Phone,2,34.59,South,2023-10-18,0.0,34.59,Wednesday,69.18
ORD-0291,Ana Thomas,Laptop,1,58.89,North,2023-10-19,0.05,55.945499999999996,Thursday,55.945499999999996
ORD-0292,Timothy Price,Accessories,2,115.36,South,2023-10-20,0.1,103.824,Friday,207.648
ORD-0293,Vincent Miller,Phone,1,36.18,North,2023-10-21,0.05,34.370999999999995,Saturday,34.370999999999995
ORD-0294,Mrs. Jennifer Daniels,Phone,4,59.81,North,2023-10-22,0.0,59.81,Sunday,239.24
ORD-0295,Caitlin Maxwell,Accessories,2,32.53,North,2023-10-23,0.0,32.53,Monday,65.06
ORD-0296,Edward Hall,Tablet,2,52.8,East,2023-10-24,0.0,52.8,Tuesday,105.6
ORD-0297,Donna Gibson,Accessories,4,38.67,North,2023-10-25,0.0,38.67,Wednesday,154.68
ORD-0298,Joseph Flores,Tablet,1,55.74,South,2023-10-26,0.0,55.74,Thursday,55.74
ORD-0299,Natalie Jones,Accessories,4,61.89,West,2023-10-27,0.0,61.89,Friday,247.56
ORD-0300,Jennifer Velasquez,Tablet,3,57.42,West,2023-10-28,0.0,57.42,Saturday,172.26
ORD-0301,Randy Douglas,Monitor,2,29.68,North,2023-10-29,0.0,29.68,Sunday,59.36
ORD-0302,Kendra Thompson,Monitor,1,56.48,East,2023-10-30,0.0,56.48,Monday,56.48
ORD-0303,Mark Vasquez,Accessories,1,43.38,South,2023-10-31,0.1,39.042,Tuesday,39.042
ORD-0304,Jose Carney,Phone,2,45.37,East,2023-11-01,0.0,45.37,Wednesday,90.74
ORD-0305,Kathy Foster,Laptop,3,87.06,South,2023-11-02,0.0,87.06,Thursday,261.18
ORD-0306,James Johnson,Laptop,2,55.27,North,2023-11-03,0.15,46.9795,Friday,93.959
ORD-0307,Stacy Williams,Accessories,3,52.2,South,2023-11-04,0.0,52.2,Saturday,156.60000000000002
ORD-0308,Ashley Bowers,Tablet,2,39.34,East,2023-11-05,0.0,39.34,Sunday,78.68
ORD-0309,Lawrence Mendoza,Laptop,2,34.39,South,2023-11-06,0.0,34.39,Monday,68.78
ORD-0310,Sophia Alvarado,Phone,3,64.38,North,2023-11-07,0.1,57.942,Tuesday,173.826
ORD-0311,Julie James,Accessories,4,71.56,North,2023-11-08,0.0,71.56,Wednesday,286.24
ORD-0312,Jonathan Williams,Monitor,2,40.0,South,2023-11-09,0.05,38.0,Thursday,76.0
ORD-0313,Kelly Nguyen,Phone,2,35.07,North,2023-11-10,0.0,35.07,Friday,70.14
ORD-0314,Michelle Holt,Monitor,4,39.85,West,2023-11-11,0.0,39.85,Saturday,159.4
ORD-0315,Thomas Porter,Accessories,1,51.2,West,2023-11-12,0.0,51.2,Sunday,51.2
ORD-0316,Jill Vaughan,Accessories,2,49.86,South,2023-11-13,0.0,49.86,Monday,99.72
ORD-0317,William Lopez,Tablet,3,56.84,East,2023-11-14,0.0,56.84,Tuesday,170.52
ORD-0318,Kayla Castro,Tablet,4,52.81,North,2023-11-15,0.0,52.81,Wednesday,211.24
ORD-0319,Kurt Rowe,Accessories,3,70.65,South,2023-11-16,0.0,70.65,Thursday,211.95000000000002
ORD-0320,John Allen,Tablet,1,48.26,East,2023-11-17,0.1,43.434,Friday,43.434
ORD-0321,Julia Forbes,Monitor,1,59.95,West,2023-11-18,0.0,59.95,Saturday,59.95
ORD-0322,Charles Mcgee,Accessories,1,46.22,East,2023-11-19,0.0,46.22,Sunday,46.22
ORD-0323,Sharon Wright,Monitor,3,52.07,North,2023-11-20,0.0,52.07,Monday,156.21
ORD-0324,Mark Anthony,Phone,2,73.52,East,2023-11-21,0.0,73.52,Tuesday,147.04
ORD-0325,Nancy Perry,Laptop,3,48.75,South,2023-11-22,0.0,48.75,Wednesday,146.25
ORD-0326,Erica Carter,Monitor,3,39.1,South,2023-11-23,0.05,37.145,Thursday,111.435
ORD-0327,Caleb Brown,Tablet,3,52.82,West,2023-11-24,0.0,52.82,Friday,158.46
ORD-0328,Monique Mata,Laptop,2,64.62,West,2023-11-25,0.0,64.62,Saturday,129.24
ORD-0329,Kelly Durham,Tablet,3,45.27,West,2023-11-26,0.0,45.27,Sunday,135.81
ORD-0330,Amy Stevenson,Accessories,1,33.13,East,2023-11-27,0.1,29.817000000000004,Monday,29.817000000000004
ORD-0331,Kenneth Simpson,Accessories,2,45.07,South,2023-11-28,0.1,40.563,Tuesday,81.126
ORD-0332,Michael Morales,Laptop,4,70.78,North,2023-11-29,0.1,63.702000000000005,Wednesday,254.80800000000002
ORD-0333,Michael Moore,Laptop,2,53.7,South,2023-11-30,0.0,53.7,Thursday,107.4
ORD-0334,Michael Smith,Tablet,4,61.7,West,2023-12-01,0.15,52.445,Friday,209.78
ORD-0335,Philip Callahan,Laptop,4,62.85,East,2023-12-02,0.0,62.85,Saturday,251.4
ORD-0336,Aaron Boyer,Accessories,4,35.19,South,2023-12-03,0.05,33.430499999999995,Sunday,133.72199999999998
ORD-0337,Paul Figueroa,Tablet,1,49.6,East,2023-12-04,0.0,49.6,Monday,49.6
ORD-0338,Richard White,Tablet,2,32.62,North,2023-12-05,0.05,30.988999999999997,Tuesday,61.977999999999994
ORD-0339,Jason Henry,Monitor,4,27.36,South,2023-12-06,0.0,27.36,Wednesday,109.44
ORD-0340,Kathryn Rojas,Laptop,1,53.98,South,2023-12-07,0.0,53.98,Thursday,53.98
ORD-0341,Timothy Johnson,Phone,1,28.31,North,2023-12-08,0.0,28.31,Friday,28.31
ORD-0342,Benjamin Dennis,Laptop,2,56.08,East,2023-12-09,0.0,56.08,Saturday,112.16
ORD-0343,Joseph Hudson,Tablet,2,64.07,North,2023-12-10,0.0,64.07,Sunday,128.14
ORD-0344,Margaret Weber,Phone,3,64.3,East,2023-12-11,0.0,64.3,Monday,192.89999999999998
ORD-0345,Sean Liu,Tablet,4,38.5,West,2023-12-12,0.05,36.574999999999996,Tuesday,146.29999999999998
ORD-0346,Kaitlyn Bryan,Tablet,2,54.63,South,2023-12-13,0.0,54.63,Wednesday,109.26
ORD-0347,Gabriel Gonzalez,Tablet,3,54.55,South,2023-12-14,0.0,54.55,Thursday,163.64999999999998
ORD-0348,Rodney Daniel,Phone,4,82.2,West,2023-12-15,0.0,82.2,Friday,328.8
ORD-0349,Dustin Stephens,Monitor,1,75.67,West,2023-12-16,0.0,75.67,Saturday,75.67
ORD-0350,Roy Hicks,Phone,2,61.24,South,2023-12-17,0.0,61.24,Sunday,122.48
ORD-0351,Christine Stewart,Phone,1,22.47,North,2023-12-18,0.0,22.47,Monday,22.47
ORD-0352,Jasmine Anderson,Tablet,1,57.79,East,2023-12-19,0.15,49.1215,Tuesday,49.1215
ORD-0353,Kelsey Gonzales,Laptop,2,57.27,East,2023-12-20,0.05,54.4065,Wednesday,108.813
ORD-0354,Michelle Jordan,Phone,2,61.5,South,2023-12-21,0.0,61.5,Thursday,123.0
ORD-0355,Belinda Reilly,Tablet,2,44.59,West,2023-12-22,0.0,44.59,Friday,89.18
ORD-0356,David Fowler,Monitor,3,38.39,West,2023-12-23,0.0,38.39,Saturday,115.17
ORD-0357,Brenda Morales,Accessories,1,63.53,West,2023-12-24,0.05,60.3535,Sunday,60.3535
ORD-0358,Kristen Mathews,Monitor,1,46.98,North,2023-12-25,0.1,42.282,Monday,42.282
ORD-0359,Christine Austin,Phone,3,59.68,North,2023-12-26,0.1,53.712,Tuesday,161.13600000000002
ORD-0360,Andrea Mcdonald,Accessories,2,52.7,South,2023-12-27,0.0,52.7,Wednesday,105.4
ORD-0361,Daniel Miller,Monitor,3,51.31,East,2023-12-28,0.05,48.7445,Thursday,146.2335
ORD-0362,James Matthews,Tablet,3,64.01,North,2023-12-29,0.1,57.60900000000001,Friday,172.82700000000003
ORD-0363,Matthew Shea MD,Laptop,3,75.55,South,2023-12-30,0.05,71.7725,Saturday,215.3175
ORD-0364,Logan Alexander,Monitor,3,88.15,East,2023-12-31,0.0,88.15,Sunday,264.45000000000005
ORD-0365,Daniel Estrada,Accessories,4,50.93,South,2024-01-01,0.0,50.93,Monday,203.72
ORD-0366,Brittany Carson,Tablet,4,61.17,South,2024-01-02,0.1,55.053000000000004,Tuesday,220.21200000000002
ORD-0367,Amy Acevedo,Accessories,3,68.88,South,2024-01-03,0.0,68.88,Wednesday,206.64
ORD-0368,Amy Cameron,Phone,4,35.12,North,2024-01-04,0.0,35.12,Thursday,140.48
ORD-0369,Kenneth Tran,Phone,3,38.77,North,2024-01-05,0.0,38.77,Friday,116.31
ORD-0370,Brooke Weber,Phone,1,53.73,South,2024-01-06,0.0,53.73,Saturday,53.73
ORD-0371,Kellie Ferguson,Phone,3,42.39,North,2024-01-07,0.0,42.39,Sunday,127.17
ORD-0372,Veronica Dudley,Phone,3,46.24,South,2024-01-08,0.0,46.24,Monday,138.72
ORD-0373,Kevin Jackson,Phone,3,23.13,West,2024-01-09,0.05,21.973499999999998,Tuesday,65.92049999999999
ORD-0374,Brooke Valdez,Phone,1,66.15,South,2024-01-10,0.0,66.15,Wednesday,66.15
ORD-0375,Darius Hubbard DDS,Monitor,2,77.35,South,2024-01-11,0.05,73.48249999999999,Thursday,146.96499999999997
ORD-0376,Janet Hall,Accessories,1,56.6,East,2024-01-12,0.05,53.769999999999996,Friday,53.769999999999996
ORD-0377,Miguel Edwards,Phone,3,72.42,East,2024-01-13,0.1,65.178,Saturday,195.534
ORD-0378,Michael King,Accessories,1,60.94,South,2024-01-14,0.0,60.94,Sunday,60.94
ORD-0379,Elizabeth Moore,Tablet,3,24.53,North,2024-01-15,0.05,23.3035,Monday,69.9105
ORD-0380,Amber Bennett,Laptop,1,44.58,West,2024-01-16,0.0,44.58,Tuesday,44.58
ORD-0381,Matthew Gonzalez,Monitor,3,42.24,North,2024-01-17,0.0,42.24,Wednesday,126.72
ORD-0382,Sarah Patel,Monitor,4,41.48,South,2024-01-18,0.0,41.48,Thursday,165.92
ORD-0383,Janice Zuniga,Accessories,3,40.11,North,2024-01-19,0.05,38.104499999999994,Friday,114.31349999999998
ORD-0384,Billy Schaefer,Tablet,4,33.08,South,2024-01-20,0.0,33.08,Saturday,132.32
ORD-0385,Brian Mccormick,Accessories,1,67.3,North,2024-01-21,0.1,60.57,Sunday,60.57
ORD-0386,Shannon Jones,Accessories,1,91.38,East,2024-01-22,0.0,91.38,Monday,91.38
ORD-0387,Jeffery Maynard,Accessories,2,49.2,North,2024-01-23,0.0,49.2,Tuesday,98.4
ORD-0388,Kimberly Simpson,Monitor,4,72.32,East,2024-01-24,0.1,65.088,Wednesday,260.352
ORD-0389,Rebecca Wright,Phone,2,39.49,East,2024-01-25,0.0,39.49,Thursday,78.98
ORD-0390,Lori Tate,Accessories,1,56.09,West,2024-01-26,0.0,56.09,Friday,56.09
ORD-0391,Thomas Cooper,Tablet,3,34.4,South,2024-01-27,0.05,32.68,Saturday,98.03999999999999
ORD-0392,Chase Campbell,Phone,3,54.72,East,2024-01-28,0.05,51.983999999999995,Sunday,155.952
ORD-0393,Kenneth Mata,Tablet,1,50.87,East,2024-01-29,0.05,48.326499999999996,Monday,48.326499999999996
ORD-0394,Mr. Johnny Olsen,Tablet,3,68.61,South,2024-01-30,0.0,68.61,Tuesday,205.82999999999998
ORD-0395,Christina Herring,Monitor,3,42.19,North,2024-01-31,0.0,42.19,Wednesday,126.57
ORD-0396,Daisy Smith,Laptop,2,47.1,West,2024-02-01,0.05,44.745,Thursday,89.49
ORD-0397,Anthony Green,Monitor,4,57.55,West,2024-02-02,0.0,57.55,Friday,230.2
ORD-0398,Gerald Cooper,Phone,4,44.66,South,2024-02-03,0.0,44.66,Saturday,178.64
ORD-0399,Cynthia Jones,Accessories,2,82.25,East,2024-02-04,0.0,82.25,Sunday,164.5
ORD-0400,Matthew Andrews,Laptop,1,84.2,South,2024-02-05,0.0,84.2,Monday,84.2
ORD-0401,Peter Phelps,Tablet,2,36.81,South,2024-02-06,0.05,34.969500000000004,Tuesday,69.93900000000001
ORD-0402,Debbie Goodman,Accessories,2,81.57,East,2024-02-07,0.0,81.57,Wednesday,163.14
ORD-0403,Erik Eaton,Laptop,2,65.57,West,2024-02-08,0.0,65.57,Thursday,131.14
ORD-0404,John Mckinney,Tablet,2,33.84,North,2024-02-09,0.1,30.456000000000003,Friday,60.912000000000006
ORD-0405,David Larson,Tablet,2,57.79,North,2024-02-10,0.0,57.79,Saturday,115.58
ORD-0406,Tony Hughes,Phone,2,60.64,South,2024-02-11,0.0,60.64,Sunday,121.28
ORD-0407,Carolyn Thomas,Phone,2,38.43,East,2024-02-12,0.0,38.43,Monday,76.86
ORD-0408,Matthew Lawrence,Accessories,2,42.82,North,2024-02-13,0.0,42.82,Tuesday,85.64
ORD-0409,Sara Stevens,Laptop,3,44.27,South,2024-02-14,0.0,44.27,Wednesday,132.81
ORD-0410,Patrick Tran,Accessories,2,51.62,North,2024-02-15,0.0,51.62,Thursday,103.24
ORD-0411,Karen Anderson,Phone,3,26.32,West,2024-02-16,0.15,22.372,Friday,67.116
ORD-0412,Mary Marshall,Tablet,1,75.22,East,2024-02-17,0.0,75.22,Saturday,75.22
ORD-0413,Bryan Baldwin PhD,Phone,2,78.16,South,2024-02-18,0.1,70.344,Sunday,140.688
ORD-0414,Christian Hunter,Phone,4,39.97,North,2024-02-19,0.05,37.9715,Monday,151.886
ORD-0415,Harry Coleman,Monitor,1,60.96,North,2024-02-20,0.1,54.864000000000004,Tuesday,54.864000000000004
ORD-0416,Ryan Parrish,Phone,3,37.56,North,2024-02-21,0.0,37.56,Wednesday,112.68
ORD-0417,Cindy Grant,Monitor,1,42.88,North,2024-02-22,0.05,40.736,Thursday,40.736
ORD-0418,Ruben Butler II,Tablet,2,47.73,West,2024-02-23,0.1,42.957,Friday,85.914
ORD-0419,Amy Myers,Phone,1,29.89,East,2024-02-24,0.0,29.89,Saturday,29.89
ORD-0420,David Alexander,Accessories,3,48.16,South,2024-02-25,0.1,43.344,Sunday,130.032
ORD-0421,Paul Swanson,Accessories,2,60.03,South,2024-02-26,0.1,54.027,Monday,108.054
ORD-0422,Justin Cameron,Accessories,2,54.09,East,2024-02-27,0.0,54.09,Tuesday,108.18
ORD-0423,Kathleen Cordova,Tablet,2,65.51,North,2024-02-28,0.1,58.959,Wednesday,117.918
ORD-0424,Joseph Johnson,Monitor,3,74.23,East,2024-02-29,0.0,74.23,Thursday,222.69
ORD-0425,Jennifer Huerta,Phone,1,58.76,South,2024-03-01,0.15,49.946,Friday,49.946
ORD-0426,Alicia Walker,Monitor,2,37.3,East,2024-03-02,0.1,33.57,Saturday,67.14
ORD-0427,Mark Lynch,Phone,3,76.85,South,2024-03-03,0.0,76.85,Sunday,230.54999999999998
ORD-0428,Misty Vance,Laptop,3,85.16,East,2024-03-04,0.0,85.16,Monday,255.48
ORD-0429,Jacqueline Anderson,Laptop,3,66.49,East,2024-03-05,0.1,59.840999999999994,Tuesday,179.52299999999997
ORD-0430,William Rivera,Accessories,4,57.23,South,2024-03-06,0.15,48.6455,Wednesday,194.582
ORD-0431,Kimberly Moore,Laptop,3,62.77,West,2024-03-07,0.05,59.6315,Thursday,178.8945
ORD-0432,Spencer Campbell,Monitor,2,80.87,East,2024-03-08,0.0,80.87,Friday,161.74
ORD-0433,Karen Romero,Phone,4,70.04,East,2024-03-09,0.0,70.04,Saturday,280.16
ORD-0434,Michael Dennis,Phone,4,47.85,South,2024-03-10,0.0,47.85,Sunday,191.4
ORD-0435,Wesley Bryant,Phone,4,57.54,North,2024-03-11,0.0,57.54,Monday,230.16
ORD-0436,Edward Gray,Laptop,3,62.31,North,2024-03-12,0.1,56.079,Tuesday,168.237
ORD-0437,Lori Gross,Accessories,1,76.44,South,2024-03-13,0.1,68.796,Wednesday,68.796
ORD-0438,Cindy Thomas,Monitor,1,49.39,South,2024-03-14,0.1,44.451,Thursday,44.451
ORD-0439,Heather Perry,Phone,2,34.91,South,2024-03-15,0.0,34.91,Friday,69.82
ORD-0440,Donna Reese,Laptop,4,91.98,North,2024-03-16,0.05,87.381,Saturday,349.524
ORD-0441,Caitlin Franklin,Tablet,3,40.78,East,2024-03-17,0.0,40.78,Sunday,122.34
ORD-0442,Christopher Wright,Laptop,4,42.75,South,2024-03-18,0.0,42.75,Monday,171.0
ORD-0443,Howard Mcdonald,Laptop,2,50.16,West,2024-03-19,0.0,50.16,Tuesday,100.32
ORD-0444,Stephanie Mitchell,Phone,3,55.86,South,2024-03-20,0.15,47.481,Wednesday,142.443
ORD-0445,Andrew Scott,Phone,3,66.6,West,2024-03-21,0.1,59.94,Thursday,179.82
ORD-0446,Joshua Dunn,Accessories,2,46.23,South,2024-03-22,0.0,46.23,Friday,92.46
ORD-0447,Heather Clark,Monitor,4,66.94,South,2024-03-23,0.15,56.898999999999994,Saturday,227.59599999999998
ORD-0448,Keith Allen,Accessories,4,94.7,South,2024-03-24,0.0,94.7,Sunday,378.8
ORD-0449,Emily Mack,Laptop,4,43.35,North,2024-03-25,0.15,36.847500000000004,Monday,147.39000000000001
ORD-0450,Katherine Evans,Monitor,1,46.62,West,2024-03-26,0.0,46.62,Tuesday,46.62
ORD-0451,William Tucker,Phone,3,45.75,South,2024-03-27,0.15,38.887499999999996,Wednesday,116.6625
ORD-0452,Emma Castaneda,Phone,4,65.43,East,2024-03-28,0.0,65.43,Thursday,261.72
ORD-0453,Brad Rivas,Tablet,1,55.44,North,2024-03-29,0.1,49.896,Friday,49.896
ORD-0454,Bill Tyler,Phone,3,53.61,South,2024-03-30,0.0,53.61,Saturday,160.82999999999998
ORD-0455,Sandra Glenn,Laptop,4,76.02,East,2024-03-31,0.0,76.02,Sunday,304.08
ORD-0456,Jessica Shelton,Accessories,2,46.71,North,2024-04-01,0.1,42.039,Monday,84.078
ORD-0457,Danielle Miller,Phone,2,74.34,East,2024-04-02,0.05,70.623,Tuesday,141.246
ORD-0458,Dawn Spence,Laptop,1,49.91,East,2024-04-03,0.0,49.91,Wednesday,49.91
ORD-0459,Cameron George,Phone,3,44.64,East,2024-04-04,0.15,37.944,Thursday,113.83200000000001
ORD-0460,Eric Mills,Phone,3,45.21,South,2024-04-05,0.05,42.9495,Friday,128.8485
ORD-0461,Eric Murillo,Phone,3,32.86,North,2024-04-06,0.05,31.217,Saturday,93.651
ORD-0462,Tracy Wright,Tablet,4,66.58,West,2024-04-07,0.0,66.58,Sunday,266.32
ORD-0463,Melissa Peters,Phone,3,44.98,South,2024-04-08,0.05,42.730999999999995,Monday,128.19299999999998
ORD-0464,Paul Charles,Tablet,3,55.3,North,2024-04-09,0.0,55.3,Tuesday,165.89999999999998
ORD-0465,Rebecca Long,Accessories,2,61.37,South,2024-04-10,0.1,55.233,Wednesday,110.466
ORD-0466,Crystal Brown,Phone,4,66.09,North,2024-04-11,0.0,66.09,Thursday,264.36
ORD-0467,Austin Green,Phone,4,47.48,North,2024-04-12,0.05,45.105999999999995,Friday,180.42399999999998
ORD-0468,Alexandra Walker,Monitor,3,55.84,West,2024-04-13,0.0,55.84,Saturday,167.52
ORD-0469,Nicole Brown,Laptop,1,84.34,West,2024-04-14,0.15,71.68900000000001,Sunday,71.68900000000001
ORD-0470,Rebecca Smith,Monitor,2,44.6,East,2024-04-15,0.0,44.6,Monday,89.2
ORD-0471,Haley Nguyen,Laptop,4,75.1,North,2024-04-16,0.05,71.34499999999998,Tuesday,285.37999999999994
ORD-0472,Lauren Watson,Phone,4,38.02,North,2024-04-17,0.05,36.119,Wednesday,144.476
ORD-0473,Matthew Garcia,Phone,4,55.72,North,2024-04-18,0.05,52.934,Thursday,211.736
ORD-0474,Alexandra Madden,Laptop,4,39.13,South,2024-04-19,0.1,35.217000000000006,Friday,140.86800000000002
ORD-0475,Michael James,Phone,2,89.21,North,2024-04-20,0.05,84.74949999999998,Saturday,169.49899999999997
ORD-0476,Jennifer Hopkins,Phone,2,53.84,North,2024-04-21,0.05,51.148,Sunday,102.296
ORD-0477,Kevin Johnson,Tablet,1,34.2,South,2024-04-22,0.0,34.2,Monday,34.2
ORD-0478,David Olsen,Laptop,3,48.15,North,2024-04-23,0.0,48.15,Tuesday,144.45
ORD-0479,Thomas Smith,Phone,3,58.85,South,2024-04-24,0.0,58.85,Wednesday,176.55
ORD-0480,Kyle Martin,Monitor,2,45.35,West,2024-04-25,0.05,43.082499999999996,Thursday,86.16499999999999
ORD-0481,Javier Munoz,Tablet,4,52.8,South,2024-04-26,0.1,47.519999999999996,Friday,190.07999999999998
ORD-0482,David Wang,Laptop,2,46.28,North,2024-04-27,0.1,41.652,Saturday,83.304
ORD-0483,Terry Phillips,Phone,1,56.53,West,2024-04-28,0.0,56.53,Sunday,56.53
ORD-0484,Robert Aguilar,Phone,2,45.68,East,2024-04-29,0.0,45.68,Monday,91.36
ORD-0485,Brandon Aguirre,Tablet,4,58.29,West,2024-04-30,0.1,52.461,Tuesday,209.844
ORD-0486,William Blevins MD,Phone,3,26.21,South,2024-05-01,0.0,26.21,Wednesday,78.63
ORD-0487,Kristy Alexander,Laptop,3,82.87,North,2024-05-02,0.0,82.87,Thursday,248.61
ORD-0488,Rose Bailey,Phone,1,32.84,North,2024-05-03,0.05,31.198,Friday,31.198
ORD-0489,Amanda Allison,Monitor,1,62.77,West,2024-05-04,0.05,59.6315,Saturday,59.6315
ORD-0490,Donna Lynch,Phone,2,88.3,North,2024-05-05,0.0,88.3,Sunday,176.6
ORD-0491,Breanna Brown,Tablet,2,35.52,East,2024-05-06,0.0,35.52,Monday,71.04
ORD-0492,Duane Cook,Monitor,4,25.68,West,2024-05-07,0.0,25.68,Tuesday,102.72
ORD-0493,Toni Powers,Accessories,2,49.41,North,2024-05-08,0.15,41.99849999999999,Wednesday,83.99699999999999
ORD-0494,Jill Miller,Laptop,3,73.43,South,2024-05-09,0.05,69.7585,Thursday,209.2755
ORD-0495,Tonya Evans,Laptop,4,54.17,South,2024-05-10,0.0,54.17,Friday,216.68
ORD-0496,Kayla Gibson DDS,Accessories,3,61.54,North,2024-05-11,0.0,61.54,Saturday,184.62
ORD-0497,Erica Reynolds,Laptop,2,40.47,East,2024-05-12,0.0,40.47,Sunday,80.94
ORD-0498,Christopher Williams,Accessories,2,44.97,South,2024-05-13,0.0,44.97,Monday,89.94
ORD-0499,Melissa Wilson,Phone,2,39.1,South,2024-05-14,0.1,35.190000000000005,Tuesday,70.38000000000001
ORD-0500,Benjamin Barajas,Laptop,1,38.42,South,2024-05-15,0.0,38.42,Wednesday,38.42
ORD-0501,Brendan Curtis,Phone,4,30.55,North,2024-05-16,0.15,25.9675,Thursday,103.87
ORD-0502,Michael Clarke DDS,Tablet,1,79.61,East,2024-05-17,0.0,79.61,Friday,79.61
ORD-0503,Alex Kennedy,Laptop,4,45.07,North,2024-05-18,0.0,45.07,Saturday,180.28
ORD-0504,Travis Barrett,Tablet,4,66.16,North,2024-05-19,0.15,56.236,Sunday,224.944
ORD-0505,Kimberly Little,Monitor,3,69.24,East,2024-05-20,0.1,62.315999999999995,Monday,186.94799999999998
ORD-0506,Joshua Donaldson,Accessories,4,83.02,North,2024-05-21,0.0,83.02,Tuesday,332.08
ORD-0507,Heather Johnson,Monitor,2,52.04,East,2024-05-22,0.1,46.836,Wednesday,93.672
ORD-0508,Daniel Glover,Accessories,4,67.63,East,2024-05-23,0.15,57.485499999999995,Thursday,229.94199999999998
ORD-0509,Kyle Leonard,Phone,1,47.68,South,2024-05-24,0.0,47.68,Friday,47.68
ORD-0510,Brendan Walsh,Accessories,1,43.45,South,2024-05-25,0.15,36.932500000000005,Saturday,36.932500000000005
ORD-0511,Matthew Martin,Monitor,3,51.39,South,2024-05-26,0.05,48.820499999999996,Sunday,146.4615
ORD-0512,Donna Ortiz,Laptop,2,45.09,East,2024-05-27,0.0,45.09,Monday,90.18
ORD-0513,David Huang,Phone,4,38.55,South,2024-05-28,0.0,38.55,Tuesday,154.2
ORD-0514,Joseph Lane,Tablet,3,72.85,North,2024-05-29,0.05,69.2075,Wednesday,207.6225
ORD-0515,Melissa French,Laptop,3,47.97,West,2024-05-30,0.0,47.97,Thursday,143.91
ORD-0516,Jason Hall,Tablet,4,28.32,East,2024-05-31,0.05,26.904,Friday,107.616
ORD-0517,Ronald Harrington,Laptop,1,63.88,East,2024-06-01,0.05,60.686,Saturday,60.686
ORD-0518,Mrs. Briana Carter,Phone,1,51.38,South,2024-06-02,0.0,51.38,Sunday,51.38
ORD-0519,Wayne Lynn,Laptop,2,75.98,North,2024-06-03,0.15,64.583,Monday,129.166
ORD-0520,Christopher Webb,Phone,3,49.33,North,2024-06-04,0.0,49.33,Tuesday,147.99
ORD-0521,Monique Anderson,Laptop,1,62.35,East,2024-06-05,0.05,59.2325,Wednesday,59.2325
ORD-0522,Marcus Smith,Monitor,4,53.11,North,2024-06-06,0.05,50.454499999999996,Thursday,201.81799999999998
ORD-0523,Kaitlin Gonzales,Phone,1,74.65,East,2024-06-07,0.0,74.65,Friday,74.65
ORD-0524,Melinda Romero,Laptop,3,76.09,North,2024-06-08,0.0,76.09,Saturday,228.27
ORD-0525,Jill Ortiz,Phone,2,71.34,West,2024-06-09,0.0,71.34,Sunday,142.68
ORD-0526,Michelle Crosby,Monitor,2,56.76,North,2024-06-10,0.05,53.922,Monday,107.844
ORD-0527,Daniel Williams,Monitor,4,69.79,East,2024-06-11,0.0,69.79,Tuesday,279.16
ORD-0528,Michael Yates,Tablet,3,56.98,North,2024-06-12,0.1,51.282,Wednesday,153.846
ORD-0529,Victoria Jones DDS,Phone,3,61.04,West,2024-06-13,0.0,61.04,Thursday,183.12
ORD-0530,Candace Thompson,Phone,1,34.74,North,2024-06-14,0.05,33.003,Friday,33.003
ORD-0531,Daniel Harris,Tablet,1,55.26,East,2024-06-15,0.1,49.734,Saturday,49.734
ORD-0532,Ronald Silva,Phone,1,72.3,West,2024-06-16,0.0,72.3,Sunday,72.3
ORD-0533,Perry Fleming,Monitor,3,35.57,South,2024-06-17,0.0,35.57,Monday,106.71000000000001
ORD-0534,Gregory Brooks,Laptop,3,64.75,South,2024-06-18,0.05,61.512499999999996,Tuesday,184.5375
ORD-0535,David Lee,Phone,2,87.71,West,2024-06-19,0.05,83.32449999999999,Wednesday,166.64899999999997
ORD-0536,Terry Carpenter,Monitor,1,71.68,North,2024-06-20,0.0,71.68,Thursday,71.68
ORD-0537,Pamela Hale,Tablet,2,58.79,South,2024-06-21,0.0,58.79,Friday,117.58
ORD-0538,Joseph Aguilar,Accessories,4,51.71,South,2024-06-22,0.1,46.539,Saturday,186.156
ORD-0539,William Owens,Tablet,3,41.64,North,2024-06-23,0.05,39.558,Sunday,118.674
ORD-0540,Donna Collins,Monitor,1,53.79,South,2024-06-24,0.05,51.1005,Monday,51.1005
ORD-0541,Tammy Garcia,Accessories,2,43.51,East,2024-06-25,0.0,43.51,Tuesday,87.02
ORD-0542,Joseph Serrano,Accessories,1,96.11,North,2024-06-26,0.0,96.11,Wednesday,96.11
ORD-0543,Patricia Marsh,Accessories,4,65.06,East,2024-06-27,0.1,58.554,Thursday,234.216
ORD-0544,Janet Baker,Phone,3,51.58,North,2024-06-28,0.05,49.001,Friday,147.003
ORD-0545,Joshua Chen,Tablet,4,61.6,South,2024-06-29,0.05,58.519999999999996,Saturday,234.07999999999998
ORD-0546,Richard Patrick,Tablet,2,59.88,South,2024-06-30,0.15,50.898,Sunday,101.796
ORD-0547,Natasha Foster,Phone,3,55.52,East,2024-07-01,0.15,47.192,Monday,141.576
ORD-0548,Marc Johnson,Tablet,1,42.32,South,2024-07-02,0.0,42.32,Tuesday,42.32
ORD-0549,Rebecca Hooper DVM,Phone,4,46.05,North,2024-07-03,0.1,41.445,Wednesday,165.78
ORD-0550,Tanner White,Tablet,3,51.41,North,2024-07-04,0.0,51.41,Thursday,154.23
ORD-0551,David Hunt,Accessories,3,59.96,North,2024-07-05,0.0,59.96,Friday,179.88
ORD-0552,Phillip Reyes,Phone,2,38.87,South,2024-07-06,0.0,38.87,Saturday,77.74
ORD-0553,Jose Hughes,Laptop,1,86.14,North,2024-07-07,0.15,73.219,Sunday,73.219
ORD-0554,William Kennedy,Phone,1,68.66,North,2024-07-08,0.05,65.22699999999999,Monday,65.22699999999999
ORD-0555,John Cole,Laptop,3,76.25,West,2024-07-09,0.0,76.25,Tuesday,228.75
ORD-0556,Steven Wilson,Phone,4,59.94,North,2024-07-10,0.1,53.946,Wednesday,215.784
ORD-0557,Yvonne Torres,Monitor,2,43.39,South,2024-07-11,0.0,43.39,Thursday,86.78
ORD-0558,Amanda Hoffman,Accessories,3,38.46,North,2024-07-12,0.0,38.46,Friday,115.38
ORD-0559,Brenda Carlson,Laptop,1,49.22,West,2024-07-13,0.1,44.298,Saturday,44.298
ORD-0560,Sara Robinson,Accessories,1,61.62,East,2024-07-14,0.0,61.62,Sunday,61.62
ORD-0561,Mary Jenkins,Accessories,2,79.82,East,2024-07-15,0.0,79.82,Monday,159.64
ORD-0562,Margaret Jones,Accessories,3,73.35,South,2024-07-16,0.0,73.35,Tuesday,220.04999999999998
ORD-0563,Betty Rodriguez,Tablet,2,63.17,South,2024-07-17,0.0,63.17,Wednesday,126.34
ORD-0564,Eric Collins,Accessories,2,38.93,East,2024-07-18,0.0,38.93,Thursday,77.86
ORD-0565,Madison Jones,Monitor,2,60.67,North,2024-07-19,0.0,60.67,Friday,121.34
ORD-0566,Scott Smith,Tablet,2,41.54,West,2024-07-20,0.0,41.54,Saturday,83.08
ORD-0567,Paul Smith,Tablet,4,71.74,East,2024-07-21,0.0,71.74,Sunday,286.96
ORD-0568,Brianna Vargas,Accessories,2,44.76,West,2024-07-22,0.0,44.76,Monday,89.52
ORD-0569,Jessica Weaver,Monitor,4,43.92,North,2024-07-23,0.0,43.92,Tuesday,175.68
ORD-0570,Tonya Mcmahon,Phone,3,49.09,East,2024-07-24,0.05,46.6355,Wednesday,139.9065
ORD-0571,Susan Brown,Tablet,4,63.05,North,2024-07-25,0.05,59.897499999999994,Thursday,239.58999999999997
ORD-0572,Courtney Dyer,Monitor,2,68.25,North,2024-07-26,0.0,68.25,Friday,136.5
ORD-0573,Marc Keller,Tablet,4,95.9,East,2024-07-27,0.0,95.9,Saturday,383.6
ORD-0574,Maria Wood,Phone,2,70.07,North,2024-07-28,0.0,70.07,Sunday,140.14
ORD-0575,Michael Jones,Monitor,4,83.35,North,2024-07-29,0.1,75.015,Monday,300.06
ORD-0576,Angel Reed,Accessories,3,54.78,South,2024-07-30,0.0,54.78,Tuesday,164.34
ORD-0577,Erin Price,Laptop,3,79.28,North,2024-07-31,0.0,79.28,Wednesday,237.84
ORD-0578,Mr. Brandon Torres,Monitor,1,47.92,North,2024-08-01,0.0,47.92,Thursday,47.92
ORD-0579,Andrew Kelley,Phone,2,30.17,South,2024-08-02,0.0,30.17,Friday,60.34
ORD-0580,William Wiley,Monitor,2,33.64,North,2024-08-03,0.0,33.64,Saturday,67.28
ORD-0581,Casey Mcdonald,Phone,3,39.91,North,2024-08-04,0.0,39.91,Sunday,119.72999999999999
ORD-0582,Andrew Avila,Monitor,1,75.4,East,2024-08-05,0.0,75.4,Monday,75.4
ORD-0583,Denise Harrison,Phone,3,51.86,West,2024-08-06,0.1,46.674,Tuesday,140.022
ORD-0584,Samuel Mitchell,Phone,1,44.94,North,2024-08-07,0.0,44.94,Wednesday,44.94
ORD-0585,Mr. Nicholas Ramirez,Laptop,2,62.44,North,2024-08-08,0.1,56.196,Thursday,112.392
ORD-0586,Richard Tate,Phone,4,21.81,North,2024-08-09,0.15,18.5385,Friday,74.154
ORD-0587,Raymond James,Phone,1,98.09,North,2024-08-10,0.05,93.1855,Saturday,93.1855
ORD-0588,Alex Thompson,Laptop,3,49.56,South,2024-08-11,0.0,49.56,Sunday,148.68
ORD-0589,Michelle Harper,Monitor,1,80.45,West,2024-08-12,0.0,80.45,Monday,80.45
ORD-0590,Adam Haynes,Phone,2,77.18,North,2024-08-13,0.0,77.18,Tuesday,154.36
ORD-0591,Ryan Shaffer,Phone,2,53.21,East,2024-08-14,0.0,53.21,Wednesday,106.42
ORD-0592,Robert Hoover,Laptop,3,98.76,North,2024-08-15,0.1,88.884,Thursday,266.652
ORD-0593,Victoria Bond,Accessories,2,40.31,East,2024-08-16,0.05,38.2945,Friday,76.589
ORD-0594,Mary Mann,Accessories,1,59.94,East,2024-08-17,0.0,59.94,Saturday,59.94
ORD-0595,Shannon Ryan,Accessories,4,38.72,North,2024-08-18,0.0,38.72,Sunday,154.88
ORD-0596,Christopher Mcdaniel,Tablet,3,58.14,North,2024-08-19,0.05,55.233,Monday,165.69899999999998
ORD-0597,Amy Mullins,Tablet,2,64.18,North,2024-08-20,0.05,60.971000000000004,Tuesday,121.94200000000001
ORD-0598,Stephen Fischer,Tablet,2,46.33,West,2024-08-21,0.0,46.33,Wednesday,92.66
ORD-0599,Mr. Peter House DDS,Accessories,1,51.26,South,2024-08-22,0.05,48.696999999999996,Thursday,48.696999999999996
ORD-0600,Timothy Moore,Accessories,3,47.87,South,2024-08-23,0.0,47.87,Friday,143.60999999999999
ORD-0601,Carolyn Shaw,Laptop,4,57.1,West,2024-08-24,0.05,54.245,Saturday,216.98
ORD-0602,Jason Taylor,Laptop,4,73.01,South,2024-08-25,0.0,73.01,Sunday,292.04
ORD-0603,Aaron Thompson,Tablet,3,74.99,North,2024-08-26,0.0,74.99,Monday,224.96999999999997
ORD-0604,Lisa Baker,Accessories,2,57.56,East,2024-08-27,0.0,57.56,Tuesday,115.12
ORD-0605,Deborah Whitehead,Monitor,1,50.29,North,2024-08-28,0.0,50.29,Wednesday,50.29
ORD-0606,Michael Mccullough,Phone,4,61.03,South,2024-08-29,0.1,54.927,Thursday,219.708
ORD-0607,Christopher Rocha,Laptop,1,37.08,South,2024-08-30,0.0,37.08,Friday,37.08
ORD-0608,Kenneth Hobbs,Accessories,1,73.88,East,2024-08-31,0.0,73.88,Saturday,73.88
ORD-0609,Sandra Carroll,Tablet,3,23.52,South,2024-09-01,0.1,21.168,Sunday,63.504
ORD-0610,Anthony Ward,Accessories,1,44.36,East,2024-09-02,0.15,37.705999999999996,Monday,37.705999999999996
ORD-0611,Maria Scott,Phone,4,64.6,East,2024-09-03,0.0,64.6,Tuesday,258.4
ORD-0612,Eileen Morris,Laptop,4,56.02,South,2024-09-04,0.0,56.02,Wednesday,224.08
ORD-0613,Katie Kane,Laptop,2,31.9,South,2024-09-05,0.1,28.71,Thursday,57.42
ORD-0614,Mrs. Miranda Vasquez,Phone,2,39.47,North,2024-09-06,0.0,39.47,Friday,78.94
ORD-0615,Carl Parks,Monitor,3,33.3,North,2024-09-07,0.0,33.3,Saturday,99.89999999999999
ORD-0616,Amanda Diaz,Accessories,1,41.07,South,2024-09-08,0.0,41.07,Sunday,41.07
ORD-0617,David Cannon,Accessories,3,61.09,West,2024-09-09,0.0,61.09,Monday,183.27
ORD-0618,Christian Hill,Phone,2,40.46,West,2024-09-10,0.0,40.46,Tuesday,80.92
ORD-0619,Shannon Pollard,Monitor,1,66.31,South,2024-09-11,0.0,66.31,Wednesday,66.31
ORD-0620,Michaela Sweeney,Tablet,4,59.69,South,2024-09-12,0.05,56.705499999999994,Thursday,226.82199999999997
ORD-0621,James Romero,Accessories,1,39.75,North,2024-09-13,0.0,39.75,Friday,39.75
ORD-0622,William Cunningham,Accessories,4,66.24,South,2024-09-14,0.0,66.24,Saturday,264.96
ORD-0623,Matthew Palmer,Laptop,1,59.95,South,2024-09-15,0.0,59.95,Sunday,59.95
ORD-0624,Benjamin Ortiz,Phone,2,32.95,South,2024-09-16,0.0,32.95,Monday,65.9
ORD-0625,Janice Vazquez,Laptop,1,62.17,North,2024-09-17,0.1,55.953,Tuesday,55.953
ORD-0626,Jacob Clayton,Phone,3,84.23,South,2024-09-18,0.0,84.23,Wednesday,252.69
ORD-0627,Wendy Anderson,Tablet,1,49.07,South,2024-09-19,0.0,49.07,Thursday,49.07
ORD-0628,John Raymond,Laptop,2,60.43,West,2024-09-20,0.0,60.43,Friday,120.86
ORD-0629,Aaron Phillips,Laptop,3,32.25,South,2024-09-21,0.1,29.025000000000002,Saturday,87.075
ORD-0630,Richard Williams,Phone,2,57.74,North,2024-09-22,0.0,57.74,Sunday,115.48
ORD-0631,Benjamin Lawrence,Laptop,3,68.04,East,2024-09-23,0.0,68.04,Monday,204.12
ORD-0632,Dr. Jennifer Anderson,Laptop,1,47.51,South,2024-09-24,0.05,45.134499999999996,Tuesday,45.134499999999996
ORD-0633,Katrina Rice,Accessories,1,49.85,South,2024-09-25,0.0,49.85,Wednesday,49.85
ORD-0634,Joe Young,Phone,4,49.74,North,2024-09-26,0.05,47.253,Thursday,189.012
ORD-0635,Tiffany Dillon,Phone,4,44.7,North,2024-09-27,0.0,44.7,Friday,178.8
ORD-0636,John Oneill,Monitor,3,43.43,South,2024-09-28,0.15,36.9155,Saturday,110.7465
ORD-0637,Kyle Schultz,Tablet,4,44.89,West,2024-09-29,0.1,40.401,Sunday,161.604
ORD-0638,Brooke Patterson PhD,Phone,3,51.48,South,2024-09-30,0.05,48.90599999999999,Monday,146.71799999999996
ORD-0639,Shawn Smith,Phone,1,50.37,West,2024-10-01,0.1,45.333,Tuesday,45.333
ORD-0640,Aaron Smith,Monitor,3,80.31,North,2024-10-02,0.0,80.31,Wednesday,240.93
ORD-0641,Annette Peterson,Accessories,1,51.05,South,2024-10-03,0.05,48.497499999999995,Thursday,48.497499999999995
ORD-0642,Christopher Snyder,Accessories,1,79.01,South,2024-10-04,0.05,75.0595,Friday,75.0595
ORD-0643,Matthew Gomez,Laptop,3,50.57,South,2024-10-05,0.0,50.57,Saturday,151.71
ORD-0644,Jessica Leon,Monitor,1,38.45,South,2024-10-06,0.1,34.605000000000004,Sunday,34.605000000000004
ORD-0645,Sarah Moreno,Tablet,1,98.03,South,2024-10-07,0.0,98.03,Monday,98.03
ORD-0646,Jasmine Banks,Monitor,1,93.15,East,2024-10-08,0.05,88.4925,Tuesday,88.4925
ORD-0647,Jennifer Jones,Accessories,4,25.68,East,2024-10-09,0.0,25.68,Wednesday,102.72
ORD-0648,Kelly Barnes,Tablet,2,35.08,South,2024-10-10,0.15,29.817999999999998,Thursday,59.635999999999996
ORD-0649,Benjamin Holland,Accessories,3,47.21,North,2024-10-11,0.0,47.21,Friday,141.63
ORD-0650,Stephanie Rogers,Accessories,2,54.12,East,2024-10-12,0.1,48.708,Saturday,97.416
ORD-0651,Alicia Green,Phone,1,84.73,North,2024-10-13,0.0,84.73,Sunday,84.73
ORD-0652,Annette Flynn DDS,Phone,4,47.04,East,2024-10-14,0.0,47.04,Monday,188.16
ORD-0653,Jamie Drake,Tablet,2,45.6,East,2024-10-15,0.05,43.32,Tuesday,86.64
ORD-0654,Mark Goodman,Tablet,3,44.64,East,2024-10-16,0.15,37.944,Wednesday,113.83200000000001
ORD-0655,Shari Thompson,Phone,2,42.25,South,2024-10-17,0.0,42.25,Thursday,84.5
ORD-0656,Richard Baker,Accessories,1,48.12,West,2024-10-18,0.0,48.12,Friday,48.12
ORD-0657,Joseph Thompson,Laptop,3,69.63,South,2024-10-19,0.05,66.1485,Saturday,198.44549999999998
ORD-0658,Joshua Burke,Phone,3,53.02,South,2024-10-20,0.15,45.067,Sunday,135.201
ORD-0659,Lauren Cherry,Laptop,1,103.48,West,2024-10-21,0.0,103.48,Monday,103.48
ORD-0660,Katie Jensen,Accessories,2,31.75,West,2024-10-22,0.0,31.75,Tuesday,63.5
ORD-0661,Brett Gardner,Accessories,1,47.72,West,2024-10-23,0.15,40.562,Wednesday,40.562
ORD-0662,Tammy Jones,Phone,1,42.22,South,2024-10-24,0.1,37.998,Thursday,37.998
ORD-0663,Brittany Peters,Laptop,2,42.77,North,2024-10-25,0.05,40.6315,Friday,81.263
ORD-0664,Ruth Young,Phone,2,40.73,East,2024-10-26,0.0,40.73,Saturday,81.46
ORD-0665,Stephanie King MD,Phone,2,50.97,West,2024-10-27,0.0,50.97,Sunday,101.94
ORD-0666,Melissa Collins,Accessories,4,49.1,West,2024-10-28,0.05,46.644999999999996,Monday,186.57999999999998
ORD-0667,Debra Powell,Phone,2,53.94,North,2024-10-29,0.0,53.94,Tuesday,107.88
ORD-0668,Eric Smith,Laptop,3,120.99,South,2024-10-30,0.05,114.94049999999999,Wednesday,344.82149999999996
ORD-0669,Michael Barker,Phone,3,69.12,South,2024-10-31,0.0,69.12,Thursday,207.36
ORD-0670,Russell Dixon,Phone,4,46.99,South,2024-11-01,0.0,46.99,Friday,187.96
ORD-0671,Steve Bullock,Tablet,2,74.48,North,2024-11-02,0.0,74.48,Saturday,148.96
ORD-0672,Michael Kelly,Phone,3,70.43,South,2024-11-03,0.05,66.9085,Sunday,200.7255
ORD-0673,Dr. Elizabeth Pittman,Phone,1,45.8,South,2024-11-04,0.0,45.8,Monday,45.8
ORD-0674,Michelle Bennett,Tablet,1,53.88,South,2024-11-05,0.0,53.88,Tuesday,53.88
ORD-0675,Melanie Johnson,Phone,3,58.19,West,2024-11-06,0.0,58.19,Wednesday,174.57
ORD-0676,Kimberly Hayes,Accessories,1,50.82,West,2024-11-07,0.0,50.82,Thursday,50.82
ORD-0677,Jimmy Clark,Phone,1,38.79,East,2024-11-08,0.05,36.8505,Friday,36.8505
ORD-0678,Derrick Young,Phone,2,47.13,West,2024-11-09,0.0,47.13,Saturday,94.26
ORD-0679,Christopher Cole,Accessories,1,55.9,North,2024-11-10,0.15,47.515,Sunday,47.515
ORD-0680,Carlos Fritz,Phone,1,82.69,East,2024-11-11,0.05,78.5555,Monday,78.5555
ORD-0681,Kevin Weaver,Phone,4,38.9,East,2024-11-12,0.0,38.9,Tuesday,155.6
ORD-0682,John Zuniga,Phone,2,74.64,North,2024-11-13,0.0,74.64,Wednesday,149.28
ORD-0683,Dr. Michael Herrera,Laptop,2,68.75,North,2024-11-14,0.1,61.875,Thursday,123.75
ORD-0684,Keith Hoover,Accessories,2,94.41,South,2024-11-15,0.05,89.6895,Friday,179.379
ORD-0685,James Mason,Accessories,4,76.96,North,2024-11-16,0.0,76.96,Saturday,307.84
ORD-0686,Jennifer Miller,Monitor,2,56.86,North,2024-11-17,0.0,56.86,Sunday,113.72
ORD-0687,Chad Kelly,Accessories,4,91.4,North,2024-11-18,0.0,91.4,Monday,365.6
ORD-0688,Jeffrey Spears,Phone,2,56.29,North,2024-11-19,0.15,47.8465,Tuesday,95.693
ORD-0689,Justin Brown,Laptop,2,49.76,East,2024-11-20,0.1,44.784,Wednesday,89.568
ORD-0690,Brian Turner,Phone,2,68.57,North,2024-11-21,0.05,65.1415,Thursday,130.283
ORD-0691,Rachel Glass,Phone,2,48.44,North,2024-11-22,0.0,48.44,Friday,96.88
ORD-0692,Kenneth Velazquez,Phone,4,52.33,South,2024-11-23,0.0,52.33,Saturday,209.32
ORD-0693,Brittany Holmes,Tablet,2,52.18,South,2024-11-24,0.0,52.18,Sunday,104.36
ORD-0694,Kyle Parks,Monitor,1,50.7,North,2024-11-25,0.05,48.165,Monday,48.165
ORD-0695,David Harper,Monitor,2,54.0,West,2024-11-26,0.0,54.0,Tuesday,108.0
ORD-0696,Holly Reynolds,Accessories,1,64.03,North,2024-11-27,0.0,64.03,Wednesday,64.03
ORD-0697,David Campbell,Monitor,2,107.47,South,2024-11-28,0.1,96.723,Thursday,193.446
ORD-0698,Lisa Brown,Laptop,3,43.44,South,2024-11-29,0.0,43.44,Friday,130.32
ORD-0699,Michael Curry,Phone,3,76.0,West,2024-11-30,0.0,76.0,Saturday,228.0
ORD-0700,Melissa Martin PhD,Monitor,1,49.01,South,2024-12-01,0.1,44.109,Sunday,44.109
ORD-0701,John Morrison,Tablet,3,38.99,West,2024-12-02,0.0,38.99,Monday,116.97
ORD-0702,Natasha Fletcher,Phone,1,45.61,North,2024-12-03,0.0,45.61,Tuesday,45.61
ORD-0703,Jonathan Hughes,Laptop,3,47.13,East,2024-12-04,0.0,47.13,Wednesday,141.39000000000001
ORD-0704,Tiffany Lawson,Accessories,4,56.8,South,2024-12-05,0.1,51.12,Thursday,204.48
ORD-0705,Frederick Mcneil,Tablet,3,73.26,East,2024-12-06,0.0,73.26,Friday,219.78000000000003
ORD-0706,James Washington,Tablet,3,53.05,West,2024-12-07,0.15,45.092499999999994,Saturday,135.27749999999997
ORD-0707,Michelle Oliver,Accessories,1,61.29,East,2024-12-08,0.0,61.29,Sunday,61.29
ORD-0708,Jamie Patterson,Accessories,2,69.33,North,2024-12-09,0.05,65.8635,Monday,131.727
ORD-0709,Judy Cox,Phone,2,39.03,South,2024-12-10,0.1,35.127,Tuesday,70.254
ORD-0710,Miranda Zimmerman,Laptop,2,44.28,East,2024-12-11,0.0,44.28,Wednesday,88.56
ORD-0711,Kenneth Malone,Accessories,4,55.07,East,2024-12-12,0.0,55.07,Thursday,220.28
ORD-0712,Timothy Weaver,Phone,3,81.1,South,2024-12-13,0.0,81.1,Friday,243.29999999999998
ORD-0713,Robin Bennett,Phone,3,22.41,East,2024-12-14,0.1,20.169,Saturday,60.507000000000005
ORD-0714,Mark Lee,Tablet,2,75.5,West,2024-12-15,0.0,75.5,Sunday,151.0
ORD-0715,Alexis Leach,Tablet,4,78.39,East,2024-12-16,0.0,78.39,Monday,313.56
ORD-0716,Courtney Weiss,Phone,1,76.28,North,2024-12-17,0.0,76.28,Tuesday,76.28
ORD-0717,Jodi Johnson,Laptop,2,36.95,East,2024-12-18,0.0,36.95,Wednesday,73.9
ORD-0718,Alex Garcia,Laptop,1,52.37,North,2024-12-19,0.0,52.37,Thursday,52.37
ORD-0719,Mia Murphy,Phone,4,48.23,South,2024-12-20,0.1,43.407,Friday,173.628
ORD-0720,Michelle Hardy,Phone,1,63.6,North,2024-12-21,0.0,63.6,Saturday,63.6
ORD-0721,Patrick Wiggins,Accessories,3,58.15,North,2024-12-22,0.05,55.24249999999999,Sunday,165.72749999999996
ORD-0722,Michael Brady,Phone,3,51.78,East,2024-12-23,0.1,46.602000000000004,Monday,139.806
ORD-0723,Sara Meyers,Tablet,1,104.76,North,2024-12-24,0.05,99.522,Tuesday,99.522
ORD-0724,Jordan Black,Laptop,4,72.3,North,2024-12-25,0.0,72.3,Wednesday,289.2
ORD-0725,Gina Patterson,Phone,4,99.28,North,2024-12-26,0.0,99.28,Thursday,397.12
ORD-0726,Tina Butler MD,Tablet,2,48.55,West,2024-12-27,0.05,46.122499999999995,Friday,92.24499999999999
ORD-0727,Christopher Tucker,Phone,1,62.46,North,2024-12-28,0.0,62.46,Saturday,62.46
ORD-0728,Sharon Cabrera,Monitor,2,50.26,South,2024-12-29,0.0,50.26,Sunday,100.52
ORD-0729,Emily Sanchez DDS,Phone,2,48.02,West,2024-12-30,0.0,48.02,Monday,96.04
ORD-0730,Jane Wilson,Phone,3,90.11,South,2024-12-31,0.0,90.11,Tuesday,270.33
ORD-0731,Kelly King,Accessories,2,76.2,North,2025-01-01,0.05,72.39,Wednesday,144.78
ORD-0732,Tonya Stephens,Tablet,3,56.45,East,2025-01-02,0.0,56.45,Thursday,169.35000000000002
ORD-0733,Ms. Kelly Craig DVM,Laptop,1,53.22,South,2025-01-03,0.0,53.22,Friday,53.22
ORD-0734,Kathy Hart,Monitor,4,47.52,South,2025-01-04,0.15,40.392,Saturday,161.568
ORD-0735,Heidi Miller,Tablet,3,64.67,South,2025-01-05,0.0,64.67,Sunday,194.01
ORD-0736,Ryan Jones,Laptop,4,79.53,South,2025-01-06,0.1,71.577,Monday,286.308
ORD-0737,Ryan Briggs,Phone,3,24.95,North,2025-01-07,0.1,22.455,Tuesday,67.365
ORD-0738,Lisa Phelps,Tablet,2,40.31,South,2025-01-08,0.15,34.2635,Wednesday,68.527
ORD-0739,Christina Joseph,Phone,1,55.05,North,2025-01-09,0.05,52.29749999999999,Thursday,52.29749999999999
ORD-0740,Robert Lane,Phone,1,68.7,South,2025-01-10,0.0,68.7,Friday,68.7
ORD-0741,Daniel Crawford,Tablet,1,34.78,South,2025-01-11,0.0,34.78,Saturday,34.78
ORD-0742,Paul Hall,Tablet,3,84.96,North,2025-01-12,0.0,84.96,Sunday,254.88
ORD-0743,Patricia Lane,Accessories,2,44.47,North,2025-01-13,0.0,44.47,Monday,88.94
ORD-0744,Kevin Evans,Monitor,1,49.52,North,2025-01-14,0.0,49.52,Tuesday,49.52
ORD-0745,Rebecca Taylor,Laptop,1,52.37,South,2025-01-15,0.1,47.132999999999996,Wednesday,47.132999999999996
ORD-0746,Jeffrey Pruitt,Laptop,4,55.57,North,2025-01-16,0.0,55.57,Thursday,222.28
ORD-0747,Logan Long,Phone,3,40.9,North,2025-01-17,0.0,40.9,Friday,122.69999999999999
ORD-0748,Samuel Jackson,Phone,4,30.78,South,2025-01-18,0.0,30.78,Saturday,123.12
ORD-0749,Jason Koch,Tablet,3,71.48,East,2025-01-19,0.0,71.48,Sunday,214.44
ORD-0750,Aaron Smith,Accessories,3,85.71,North,2025-01-20,0.0,85.71,Monday,257.13
ORD-0751,Henry Rodriguez,Phone,4,70.89,South,2025-01-21,0.0,70.89,Tuesday,283.56
ORD-0752,Daniel Smith,Tablet,3,59.48,North,2025-01-22,0.05,56.50599999999999,Wednesday,169.51799999999997
ORD-0753,Daniel Williamson,Phone,4,66.12,West,2025-01-23,0.0,66.12,Thursday,264.48
ORD-0754,Veronica Archer,Phone,4,54.15,East,2025-01-24,0.1,48.735,Friday,194.94
ORD-0755,Jordan Fernandez,Phone,4,49.03,South,2025-01-25,0.1,44.127,Saturday,176.508
ORD-0756,Samantha Ramos,Monitor,4,67.65,South,2025-01-26,0.1,60.885000000000005,Sunday,243.54000000000002
ORD-0757,Kimberly Ramirez,Laptop,1,54.7,South,2025-01-27,0.0,54.7,Monday,54.7
ORD-0758,Paul Barr,Tablet,3,41.92,East,2025-01-28,0.15,35.632,Tuesday,106.89599999999999
ORD-0759,Brandi Caldwell,Accessories,2,79.36,East,2025-01-29,0.0,79.36,Wednesday,158.72
ORD-0760,Anthony Terry,Tablet,3,54.42,South,2025-01-30,0.1,48.978,Thursday,146.934
ORD-0761,Sharon Jones,Tablet,1,90.97,South,2025-01-31,0.0,90.97,Friday,90.97
ORD-0762,Amanda Rhodes,Phone,1,54.18,West,2025-02-01,0.1,48.762,Saturday,48.762
ORD-0763,Javier Clark,Monitor,4,81.27,North,2025-02-02,0.0,81.27,Sunday,325.08
ORD-0764,Elizabeth Wallace MD,Phone,1,43.29,North,2025-02-03,0.0,43.29,Monday,43.29
ORD-0765,Wendy Henson,Monitor,2,79.71,South,2025-02-04,0.0,79.71,Tuesday,159.42
ORD-0766,Nicole Hart,Phone,1,64.88,North,2025-02-05,0.0,64.88,Wednesday,64.88
ORD-0767,Matthew Rasmussen,Phone,3,57.18,South,2025-02-06,0.05,54.321,Thursday,162.963
ORD-0768,Traci Lam,Phone,3,59.97,South,2025-02-07,0.05,56.9715,Friday,170.9145
ORD-0769,Donald Lester,Laptop,3,34.16,South,2025-02-08,0.05,32.452,Saturday,97.356
ORD-0770,Michelle Allen,Phone,1,90.65,North,2025-02-09,0.0,90.65,Sunday,90.65
ORD-0771,Kristi Mcdowell,Phone,2,36.72,West,2025-02-10,0.0,36.72,Monday,73.44
ORD-0772,Shannon Gordon,Laptop,2,53.76,North,2025-02-11,0.0,53.76,Tuesday,107.52
ORD-0773,Daniel Miranda,Phone,4,57.92,North,2025-02-12,0.05,55.024,Wednesday,220.096
ORD-0774,Matthew Jacobs,Monitor,3,30.82,North,2025-02-13,0.05,29.279,Thursday,87.837
ORD-0775,Carolyn Graves,Laptop,4,56.15,South,2025-02-14,0.05,53.342499999999994,Friday,213.36999999999998
ORD-0776,Thomas Barry,Accessories,3,52.9,South,2025-02-15,0.0,52.9,Saturday,158.7
ORD-0777,John Ellis,Laptop,3,45.74,South,2025-02-16,0.05,43.453,Sunday,130.359
ORD-0778,Melanie Barton,Accessories,2,69.06,East,2025-02-17,0.05,65.607,Monday,131.214
ORD-0779,Spencer Miller,Phone,4,54.3,North,2025-02-18,0.1,48.87,Tuesday,195.48
ORD-0780,Samuel Moore,Monitor,3,78.37,South,2025-02-19,0.0,78.37,Wednesday,235.11
ORD-0781,Glenn Carrillo,Accessories,1,45.92,West,2025-02-20,0.1,41.328,Thursday,41.328
ORD-0782,Diana Mann,Laptop,2,40.02,North,2025-02-21,0.0,40.02,Friday,80.04
ORD-0783,Daniel Lin,Phone,1,45.62,West,2025-02-22,0.05,43.339,Saturday,43.339
ORD-0784,James Frank,Phone,3,80.86,South,2025-02-23,0.0,80.86,Sunday,242.57999999999998
ORD-0785,Kathy Johnson,Phone,1,113.75,South,2025-02-24,0.0,113.75,Monday,113.75
ORD-0786,Jenna Blankenship,Laptop,4,41.09,South,2025-02-25,0.05,39.0355,Tuesday,156.142
ORD-0787,Blake Graham,Phone,4,61.83,West,2025-02-26,0.0,61.83,Wednesday,247.32
ORD-0788,Maria Martin,Phone,4,67.51,South,2025-02-27,0.05,64.1345,Thursday,256.538
ORD-0789,Rebecca Patel,Monitor,3,36.15,South,2025-02-28,0.0,36.15,Friday,108.44999999999999
ORD-0790,Terri Ruiz,Tablet,2,56.63,North,2025-03-01,0.0,56.63,Saturday,113.26
ORD-0791,Holly Williams,Laptop,3,67.0,East,2025-03-02,0.0,67.0,Sunday,201.0
ORD-0792,Mrs. Heather Haynes,Monitor,4,82.1,East,2025-03-03,0.05,77.99499999999999,Monday,311.97999999999996
ORD-0793,James Patterson,Laptop,1,72.68,East,2025-03-04,0.05,69.046,Tuesday,69.046
ORD-0794,Larry Jordan,Laptop,4,45.95,West,2025-03-05,0.0,45.95,Wednesday,183.8
ORD-0795,David Cross,Laptop,4,36.15,North,2025-03-06,0.1,32.535,Thursday,130.14
ORD-0796,Karl Brown,Phone,4,65.56,East,2025-03-07,0.0,65.56,Friday,262.24
ORD-0797,Rebecca Stewart,Accessories,1,74.84,East,2025-03-08,0.0,74.84,Saturday,74.84
ORD-0798,Betty Smith,Phone,2,55.96,South,2025-03-09,0.15,47.566,Sunday,95.132
ORD-0799,Joel Mcdonald,Accessories,4,89.7,North,2025-03-10,0.0,89.7,Monday,358.8
ORD-0800,David Reynolds,Phone,3,44.92,East,2025-03-11,0.0,44.92,Tuesday,134.76
ORD-0801,Jennifer Rodriguez,Tablet,1,54.41,South,2025-03-12,0.0,54.41,Wednesday,54.41
ORD-0802,Michael Brown,Laptop,4,89.42,North,2025-03-13,0.0,89.42,Thursday,357.68
ORD-0803,Albert Turner,Monitor,4,84.33,East,2025-03-14,0.0,84.33,Friday,337.32
ORD-0804,Tony Pope,Phone,3,41.21,North,2025-03-15,0.05,39.149499999999996,Saturday,117.4485
ORD-0805,Karla Cook,Monitor,4,41.12,North,2025-03-16,0.0,41.12,Sunday,164.48
ORD-0806,Andrew Crawford,Phone,2,65.97,South,2025-03-17,0.05,62.671499999999995,Monday,125.34299999999999
ORD-0807,Brandon Pruitt,Accessories,2,87.21,West,2025-03-18,0.0,87.21,Tuesday,174.42
ORD-0808,Donna Reed,Monitor,3,55.83,South,2025-03-19,0.0,55.83,Wednesday,167.49
ORD-0809,James Butler,Phone,3,45.39,West,2025-03-20,0.15,38.5815,Thursday,115.74449999999999
ORD-0810,Erik Moses,Monitor,2,42.28,North,2025-03-21,0.05,40.166,Friday,80.332
ORD-0811,Shelley Maynard,Accessories,4,56.44,East,2025-03-22,0.1,50.796,Saturday,203.184
ORD-0812,Michael Thompson,Monitor,4,86.15,South,2025-03-23,0.05,81.8425,Sunday,327.37
ORD-0813,Catherine Callahan MD,Accessories,2,73.46,North,2025-03-24,0.05,69.78699999999999,Monday,139.57399999999998
ORD-0814,Alexander Gray,Phone,2,73.9,South,2025-03-25,0.0,73.9,Tuesday,147.8
ORD-0815,Thomas Young,Monitor,3,46.21,South,2025-03-26,0.05,43.899499999999996,Wednesday,131.6985
ORD-0816,Eric Martinez,Laptop,3,55.24,East,2025-03-27,0.0,55.24,Thursday,165.72
ORD-0817,Elizabeth Harris,Laptop,2,56.54,North,2025-03-28,0.05,53.712999999999994,Friday,107.42599999999999
ORD-0818,Kristin Whitney,Monitor,3,40.41,East,2025-03-29,0.0,40.41,Saturday,121.22999999999999
ORD-0819,Veronica Miller,Laptop,4,38.08,South,2025-03-30,0.05,36.175999999999995,Sunday,144.70399999999998
ORD-0820,Mark Yang,Tablet,1,44.21,North,2025-03-31,0.0,44.21,Monday,44.21
ORD-0821,Andrew Anderson,Accessories,4,71.55,South,2025-04-01,0.0,71.55,Tuesday,286.2
ORD-0822,Jeffrey Carpenter,Laptop,2,45.56,South,2025-04-02,0.0,45.56,Wednesday,91.12
ORD-0823,Erin Robinson,Accessories,3,65.29,South,2025-04-03,0.0,65.29,Thursday,195.87
ORD-0824,Brent Gonzalez,Phone,4,109.97,South,2025-04-04,0.1,98.973,Friday,395.892
ORD-0825,Charles Henderson,Accessories,4,73.02,West,2025-04-05,0.0,73.02,Saturday,292.08
ORD-0826,Katrina Bennett,Phone,2,71.58,North,2025-04-06,0.05,68.00099999999999,Sunday,136.00199999999998
ORD-0827,John Morgan,Phone,1,60.99,East,2025-04-07,0.1,54.891000000000005,Monday,54.891000000000005
ORD-0828,Cynthia Thomas,Phone,3,37.25,South,2025-04-08,0.1,33.525,Tuesday,100.57499999999999
ORD-0829,Douglas Cooper,Accessories,4,46.27,South,2025-04-09,0.0,46.27,Wednesday,185.08
ORD-0830,Heidi Mack,Phone,4,72.25,South,2025-04-10,0.0,72.25,Thursday,289.0
ORD-0831,Gloria Romero,Accessories,2,59.99,West,2025-04-11,0.1,53.991,Friday,107.982
ORD-0832,Janet Rodriguez,Laptop,3,40.25,North,2025-04-12,0.1,36.225,Saturday,108.67500000000001
ORD-0833,Meredith Brown,Monitor,2,69.97,North,2025-04-13,0.15,59.4745,Sunday,118.949
ORD-0834,Alison James,Laptop,4,36.41,East,2025-04-14,0.0,36.41,Monday,145.64
ORD-0835,Colton Nichols,Tablet,2,67.82,East,2025-04-15,0.05,64.42899999999999,Tuesday,128.85799999999998
ORD-0836,Steven Hayden,Tablet,4,43.65,East,2025-04-16,0.0,43.65,Wednesday,174.6
ORD-0837,Patrick Palmer,Monitor,1,62.73,South,2025-04-17,0.1,56.457,Thursday,56.457
ORD-0838,Timothy Moore,Accessories,1,47.41,East,2025-04-18,0.0,47.41,Friday,47.41
ORD-0839,Melanie Berg,Tablet,3,76.26,South,2025-04-19,0.0,76.26,Saturday,228.78000000000003
ORD-0840,Elizabeth Lee,Laptop,3,62.81,West,2025-04-20,0.0,62.81,Sunday,188.43
ORD-0841,Jacqueline Smith,Tablet,4,61.42,North,2025-04-21,0.0,61.42,Monday,245.68
ORD-0842,Christina Glenn,Laptop,2,46.97,South,2025-04-22,0.0,46.97,Tuesday,93.94
ORD-0843,Leah Norris,Laptop,1,44.86,West,2025-04-23,0.1,40.374,Wednesday,40.374
ORD-0844,Mrs. Yolanda Nguyen,Phone,2,45.86,South,2025-04-24,0.0,45.86,Thursday,91.72
ORD-0845,David Miller,Laptop,4,23.6,North,2025-04-25,0.0,23.6,Friday,94.4
ORD-0846,Elizabeth Henry,Phone,1,31.62,South,2025-04-26,0.0,31.62,Saturday,31.62
ORD-0847,Tiffany Roman,Tablet,4,54.73,North,2025-04-27,0.0,54.73,Sunday,218.92
ORD-0848,Michael Richards,Phone,1,69.93,North,2025-04-28,0.0,69.93,Monday,69.93
ORD-0849,Dennis Camacho,Accessories,1,51.22,East,2025-04-29,0.05,48.659,Tuesday,48.659
ORD-0850,Angela Miller,Phone,1,43.1,West,2025-04-30,0.0,43.1,Wednesday,43.1
ORD-0851,Anthony Meyer,Tablet,1,83.3,North,2025-05-01,0.1,74.97,Thursday,74.97
ORD-0852,Nathan Thompson,Tablet,1,65.01,South,2025-05-02,0.15,55.258500000000005,Friday,55.258500000000005
ORD-0853,Christopher Weiss,Accessories,1,45.58,West,2025-05-03,0.1,41.022,Saturday,41.022
ORD-0854,Traci Rodgers,Phone,2,57.07,South,2025-05-04,0.05,54.216499999999996,Sunday,108.43299999999999
ORD-0855,Lisa Jones,Laptop,2,62.91,South,2025-05-05,0.15,53.473499999999994,Monday,106.94699999999999
ORD-0856,Daniel Noble,Tablet,2,33.23,South,2025-05-06,0.1,29.906999999999996,Tuesday,59.81399999999999
ORD-0857,Tanya Armstrong,Laptop,4,56.3,North,2025-05-07,0.0,56.3,Wednesday,225.2
ORD-0858,Joel Murray,Phone,2,61.14,North,2025-05-08,0.0,61.14,Thursday,122.28
ORD-0859,Phillip Keller,Monitor,3,59.21,East,2025-05-09,0.0,59.21,Friday,177.63
ORD-0860,Gregory Higgins,Phone,4,67.42,East,2025-05-10,0.05,64.04899999999999,Saturday,256.19599999999997
ORD-0861,Michael Obrien,Phone,2,49.72,South,2025-05-11,0.05,47.233999999999995,Sunday,94.46799999999999
ORD-0862,Diana Jimenez,Accessories,2,58.01,South,2025-05-12,0.05,55.1095,Monday,110.219
ORD-0863,Jasmine Kirk,Phone,2,69.85,North,2025-05-13,0.0,69.85,Tuesday,139.7
ORD-0864,Michelle Wilson,Laptop,3,52.02,West,2025-05-14,0.05,49.419000000000004,Wednesday,148.257
ORD-0865,Michelle Davis,Accessories,2,97.05,North,2025-05-15,0.0,97.05,Thursday,194.1
ORD-0866,Bradley Barajas,Accessories,2,112.13,East,2025-05-16,0.0,112.13,Friday,224.26
ORD-0867,Deanna Campbell,Monitor,3,54.78,South,2025-05-17,0.1,49.302,Saturday,147.906
ORD-0868,Kristina Blake,Accessories,2,48.38,East,2025-05-18,0.15,41.123,Sunday,82.246
ORD-0869,Melissa Lang,Laptop,3,42.06,North,2025-05-19,0.0,42.06,Monday,126.18
ORD-0870,Mr. Jacob Warner,Phone,1,65.37,North,2025-05-20,0.1,58.833000000000006,Tuesday,58.833000000000006
ORD-0871,Christina Levy,Accessories,3,62.14,East,2025-05-21,0.15,52.819,Wednesday,158.457
ORD-0872,Marco Jones,Laptop,1,56.26,South,2025-05-22,0.0,56.26,Thursday,56.26
ORD-0873,Karen Richard,Phone,2,75.89,West,2025-05-23,0.15,64.5065,Friday,129.013
ORD-0874,Joseph Wright,Monitor,3,72.59,North,2025-05-24,0.05,68.9605,Saturday,206.8815
ORD-0875,John Gibbs,Phone,4,34.08,North,2025-05-25,0.1,30.672,Sunday,122.688
ORD-0876,Francisco Salas,Monitor,1,47.4,South,2025-05-26,0.05,45.029999999999994,Monday,45.029999999999994
ORD-0877,John Carter,Monitor,1,54.29,South,2025-05-27,0.15,46.146499999999996,Tuesday,46.146499999999996
ORD-0878,Benjamin Woods,Monitor,1,40.35,North,2025-05-28,0.1,36.315000000000005,Wednesday,36.315000000000005
ORD-0879,Scott Diaz,Laptop,4,41.48,East,2025-05-29,0.0,41.48,Thursday,165.92
ORD-0880,Michael Davis,Laptop,4,44.2,North,2025-05-30,0.1,39.78,Friday,159.12
ORD-0881,John Shannon,Laptop,2,49.65,North,2025-05-31,0.0,49.65,Saturday,99.3
ORD-0882,Mark Kennedy,Accessories,2,62.66,North,2025-06-01,0.0,62.66,Sunday,125.32
ORD-0883,Bruce Lee,Laptop,1,85.29,South,2025-06-02,0.0,85.29,Monday,85.29
ORD-0884,Greg Rosales,Phone,3,49.74,South,2025-06-03,0.0,49.74,Tuesday,149.22
ORD-0885,Christine Wilkins,Tablet,2,65.19,East,2025-06-04,0.0,65.19,Wednesday,130.38
ORD-0886,William Murphy,Laptop,3,44.87,East,2025-06-05,0.0,44.87,Thursday,134.60999999999999
ORD-0887,Christopher Rivers,Laptop,3,48.77,North,2025-06-06,0.05,46.3315,Friday,138.9945
ORD-0888,Wesley Clark,Laptop,4,48.4,North,2025-06-07,0.0,48.4,Saturday,193.6
ORD-0889,James Suarez,Monitor,3,43.44,South,2025-06-08,0.0,43.44,Sunday,130.32
ORD-0890,Tonya Park,Monitor,4,62.09,North,2025-06-09,0.05,58.9855,Monday,235.942
ORD-0891,Joshua Robertson,Monitor,4,77.84,East,2025-06-10,0.05,73.948,Tuesday,295.792
ORD-0892,Laura Green,Accessories,3,34.74,South,2025-06-11,0.0,34.74,Wednesday,104.22
ORD-0893,Laurie Madden,Tablet,1,39.47,North,2025-06-12,0.0,39.47,Thursday,39.47
ORD-0894,Jennifer Brock,Phone,1,66.49,North,2025-06-13,0.1,59.840999999999994,Friday,59.840999999999994
ORD-0895,David Turner,Laptop,3,71.26,South,2025-06-14,0.05,67.697,Saturday,203.091
ORD-0896,Erin Blevins,Accessories,2,74.95,North,2025-06-15,0.05,71.2025,Sunday,142.405
ORD-0897,Jeffery Murphy,Accessories,4,74.47,South,2025-06-16,0.0,74.47,Monday,297.88
ORD-0898,Crystal Torres,Laptop,4,36.12,North,2025-06-17,0.0,36.12,Tuesday,144.48
ORD-0899,Karen Randall,Accessories,2,61.4,South,2025-06-18,0.0,61.4,Wednesday,122.8
ORD-0900,James Jones,Laptop,3,80.1,South,2025-06-19,0.05,76.09499999999998,Thursday,228.28499999999997
ORD-0901,Michael Sloan,Phone,2,52.21,North,2025-06-20,0.1,46.989000000000004,Friday,93.97800000000001
ORD-0902,Richard Nguyen,Laptop,4,61.04,South,2025-06-21,0.0,61.04,Saturday,244.16
ORD-0903,Mark Davenport,Phone,1,34.94,North,2025-06-22,0.0,34.94,Sunday,34.94
ORD-0904,Timothy Donaldson,Phone,3,50.62,East,2025-06-23,0.0,50.62,Monday,151.85999999999999
ORD-0905,Sydney Murphy,Accessories,1,46.55,East,2025-06-24,0.0,46.55,Tuesday,46.55
ORD-0906,Aimee Myers,Monitor,1,36.53,East,2025-06-25,0.0,36.53,Wednesday,36.53
ORD-0907,Debra Roman,Accessories,4,58.19,East,2025-06-26,0.05,55.280499999999996,Thursday,221.12199999999999
ORD-0908,James Salazar,Accessories,4,48.81,West,2025-06-27,0.05,46.3695,Friday,185.478
ORD-0909,Erin Higgins,Phone,3,52.67,North,2025-06-28,0.1,47.403000000000006,Saturday,142.209
ORD-0910,Mark Huynh,Laptop,1,32.83,West,2025-06-29,0.0,32.83,Sunday,32.83
ORD-0911,Mary Rodriguez,Accessories,4,63.81,North,2025-06-30,0.0,63.81,Monday,255.24
ORD-0912,Meredith Sanford,Phone,4,55.09,South,2025-07-01,0.0,55.09,Tuesday,220.36
ORD-0913,Ryan Rodriguez,Accessories,2,64.28,South,2025-07-02,0.0,64.28,Wednesday,128.56
ORD-0914,Amy Wilson,Phone,3,51.99,South,2025-07-03,0.05,49.3905,Thursday,148.1715
ORD-0915,Edward Burton,Laptop,3,35.78,South,2025-07-04,0.0,35.78,Friday,107.34
ORD-0916,Katie Gordon,Accessories,2,46.38,West,2025-07-05,0.0,46.38,Saturday,92.76
ORD-0917,Keith Jones,Tablet,4,120.19,West,2025-07-06,0.05,114.1805,Sunday,456.722
ORD-0918,Kathleen Miller,Accessories,4,43.4,North,2025-07-07,0.0,43.4,Monday,173.6
ORD-0919,Terry Davila,Phone,3,40.52,South,2025-07-08,0.0,40.52,Tuesday,121.56
ORD-0920,Bianca Hughes,Phone,2,42.99,North,2025-07-09,0.1,38.691,Wednesday,77.382
ORD-0921,Joseph Fisher,Phone,1,32.65,North,2025-07-10,0.0,32.65,Thursday,32.65
ORD-0922,Jason Moran,Accessories,3,113.08,North,2025-07-11,0.0,113.08,Friday,339.24
ORD-0923,Lacey Sullivan,Phone,4,48.39,East,2025-07-12,0.1,43.551,Saturday,174.204
ORD-0924,Patrick Torres,Tablet,3,38.36,North,2025-07-13,0.0,38.36,Sunday,115.08
ORD-0925,Denise Hoffman,Phone,4,63.69,North,2025-07-14,0.0,63.69,Monday,254.76
ORD-0926,Lisa Moreno,Phone,2,42.61,West,2025-07-15,0.0,42.61,Tuesday,85.22
ORD-0927,Anthony Mills,Phone,2,54.95,North,2025-07-16,0.1,49.455000000000005,Wednesday,98.91000000000001
ORD-0928,Victoria Morales,Accessories,1,57.71,West,2025-07-17,0.05,54.8245,Thursday,54.8245
ORD-0929,Melissa Soto,Accessories,1,77.02,South,2025-07-18,0.0,77.02,Friday,77.02
ORD-0930,Madeline Jackson,Laptop,1,29.49,East,2025-07-19,0.05,28.015499999999996,Saturday,28.015499999999996
ORD-0931,Sarah Morgan,Monitor,4,47.03,North,2025-07-20,0.05,44.6785,Sunday,178.714
ORD-0932,Jessica Davis,Accessories,2,78.1,North,2025-07-21,0.05,74.195,Monday,148.39
ORD-0933,Brianna Walls,Monitor,4,61.87,North,2025-07-22,0.0,61.87,Tuesday,247.48
ORD-0934,Chase Wise,Monitor,3,54.68,North,2025-07-23,0.05,51.946,Wednesday,155.838
ORD-0935,James Williams,Phone,3,52.43,East,2025-07-24,0.15,44.5655,Thursday,133.69650000000001
ORD-0936,Kristine Espinoza,Accessories,3,65.4,North,2025-07-25,0.0,65.4,Friday,196.20000000000002
ORD-0937,Jennifer Grant,Phone,2,59.33,East,2025-07-26,0.1,53.397,Saturday,106.794
ORD-0938,Joshua Haas,Phone,2,47.53,East,2025-07-27,0.0,47.53,Sunday,95.06
ORD-0939,Debra Davis,Accessories,4,52.29,West,2025-07-28,0.0,52.29,Monday,209.16
ORD-0940,Laura Jones,Phone,2,44.63,South,2025-07-29,0.0,44.63,Tuesday,89.26
ORD-0941,Joel Hernandez,Laptop,1,58.65,East,2025-07-30,0.0,58.65,Wednesday,58.65
ORD-0942,Travis Lewis,Monitor,1,40.95,South,2025-07-31,0.0,40.95,Thursday,40.95
ORD-0943,Anthony Murray,Accessories,4,49.37,South,2025-08-01,0.0,49.37,Friday,197.48
ORD-0944,Carol Torres,Monitor,1,43.2,East,2025-08-02,0.1,38.88,Saturday,38.88
ORD-0945,Jennifer Lane,Accessories,2,61.88,East,2025-08-03,0.0,61.88,Sunday,123.76
ORD-0946,Larry Carr,Monitor,4,51.55,West,2025-08-04,0.05,48.9725,Monday,195.89
ORD-0947,Rebecca Castro,Accessories,4,35.53,North,2025-08-05,0.0,35.53,Tuesday,142.12
ORD-0948,Sherry White,Phone,3,51.79,East,2025-08-06,0.0,51.79,Wednesday,155.37
ORD-0949,Monica Lewis,Accessories,4,63.52,West,2025-08-07,0.1,57.168000000000006,Thursday,228.67200000000003
ORD-0950,Laura Thompson,Accessories,2,49.52,North,2025-08-08,0.1,44.568000000000005,Friday,89.13600000000001
ORD-0951,Jesse Nelson,Accessories,2,51.19,East,2025-08-09,0.0,51.19,Saturday,102.38
ORD-0952,John Rollins,Accessories,2,34.46,North,2025-08-10,0.1,31.014000000000003,Sunday,62.028000000000006
ORD-0953,Stephanie Caldwell,Phone,1,60.1,East,2025-08-11,0.0,60.1,Monday,60.1
ORD-0954,Mark Smith,Accessories,3,73.86,East,2025-08-12,0.05,70.167,Tuesday,210.501
ORD-0955,Ashley Jones,Phone,2,63.9,West,2025-08-13,0.0,63.9,Wednesday,127.8
ORD-0956,Andrew Martinez,Phone,1,68.5,East,2025-08-14,0.1,61.65,Thursday,61.65
ORD-0957,Dr. Samantha Davis,Laptop,3,53.55,South,2025-08-15,0.0,53.55,Friday,160.64999999999998
ORD-0958,Stephen Brown,Phone,4,42.74,South,2025-08-16,0.0,42.74,Saturday,170.96
ORD-0959,Mallory Knight,Accessories,2,51.21,North,2025-08-17,0.0,51.21,Sunday,102.42
ORD-0960,Zachary Wallace,Phone,2,76.03,South,2025-08-18,0.0,76.03,Monday,152.06
ORD-0961,Ethan Boyle Jr.,Phone,2,47.13,South,2025-08-19,0.0,47.13,Tuesday,94.26
ORD-0962,Keith Carpenter,Monitor,4,44.6,East,2025-08-20,0.0,44.6,Wednesday,178.4
ORD-0963,Amanda Roth,Accessories,4,40.96,West,2025-08-21,0.0,40.96,Thursday,163.84
ORD-0964,Anthony Jackson,Laptop,2,76.38,East,2025-08-22,0.0,76.38,Friday,152.76
ORD-0965,Laura Martin,Monitor,2,48.02,South,2025-08-23,0.05,45.619,Saturday,91.238
ORD-0966,Lindsay Contreras,Phone,1,64.52,South,2025-08-24,0.0,64.52,Sunday,64.52
ORD-0967,Kelly Hansen,Phone,4,83.45,West,2025-08-25,0.0,83.45,Monday,333.8
ORD-0968,Krista Lawrence,Accessories,4,56.37,South,2025-08-26,0.1,50.733,Tuesday,202.932
ORD-0969,Sherry Lee,Tablet,4,64.61,North,2025-08-27,0.05,61.37949999999999,Wednesday,245.51799999999997
ORD-0970,Hayden Harrison,Phone,4,46.78,South,2025-08-28,0.0,46.78,Thursday,187.12
ORD-0971,Teresa Moore,Phone,3,41.11,North,2025-08-29,0.0,41.11,Friday,123.33
ORD-0972,Sabrina Haley,Tablet,2,61.76,East,2025-08-30,0.0,61.76,Saturday,123.52
ORD-0973,Jennifer Roberts,Laptop,2,65.31,East,2025-08-31,0.05,62.0445,Sunday,124.089
ORD-0974,Marie Lopez,Monitor,1,43.77,South,2025-09-01,0.0,43.77,Monday,43.77
ORD-0975,Jacob Hernandez,Tablet,1,47.65,South,2025-09-02,0.0,47.65,Tuesday,47.65
ORD-0976,Madison Lopez,Accessories,2,77.27,South,2025-09-03,0.05,73.4065,Wednesday,146.813
ORD-0977,Anthony Fuller,Laptop,1,53.88,North,2025-09-04,0.0,53.88,Thursday,53.88
ORD-0978,Deborah Reyes DVM,Phone,1,57.54,South,2025-09-05,0.0,57.54,Friday,57.54
ORD-0979,Adam Marsh,Accessories,3,45.22,South,2025-09-06,0.05,42.958999999999996,Saturday,128.87699999999998
ORD-0980,Christine Parker,Phone,4,62.16,South,2025-09-07,0.0,62.16,Sunday,248.64
ORD-0981,Dr. Kelly May,Monitor,4,66.07,South,2025-09-08,0.0,66.07,Monday,264.28
ORD-0982,Riley Daniels,Accessories,4,41.44,North,2025-09-09,0.1,37.296,Tuesday,149.184
ORD-0983,James Rowe,Phone,2,62.9,East,2025-09-10,0.1,56.61,Wednesday,113.22
ORD-0984,Austin Andrews,Accessories,3,33.11,East,2025-09-11,0.05,31.4545,Thursday,94.3635
ORD-0985,Patrick Parker,Monitor,2,68.58,North,2025-09-12,0.0,68.58,Friday,137.16
ORD-0986,Steven Huff,Phone,4,26.81,South,2025-09-13,0.0,26.81,Saturday,107.24
ORD-0987,Christopher Pittman,Phone,4,76.32,East,2025-09-14,0.1,68.688,Sunday,274.752
ORD-0988,Lori Booth,Phone,1,135.09,North,2025-09-15,0.0,135.09,Monday,135.09
ORD-0989,Karen Reynolds,Laptop,2,34.99,South,2025-09-16,0.0,34.99,Tuesday,69.98
ORD-0990,Brian Robinson,Monitor,2,57.28,North,2025-09-17,0.0,57.28,Wednesday,114.56
ORD-0991,James Richard,Accessories,1,65.68,North,2025-09-18,0.1,59.11200000000001,Thursday,59.11200000000001
ORD-0992,Matthew Williams,Phone,4,66.07,East,2025-09-19,0.05,62.76649999999999,Friday,251.06599999999997
ORD-0993,Brian Zavala,Phone,1,36.94,North,2025-09-20,0.0,36.94,Saturday,36.94
ORD-0994,Steve Lopez,Phone,3,34.53,West,2025-09-21,0.0,34.53,Sunday,103.59
ORD-0995,Brendan Thomas,Laptop,4,41.12,South,2025-09-22,0.1,37.007999999999996,Monday,148.03199999999998
ORD-0996,James Chapman,Accessories,3,37.52,North,2025-09-23,0.05,35.644,Tuesday,106.93199999999999
ORD-0997,Stacey Garcia,Phone,3,70.34,South,2025-09-24,0.0,70.34,Wednesday,211.02
ORD-0998,Rachel Gonzalez,Accessories,4,60.19,South,2025-09-25,0.1,54.171,Thursday,216.684
ORD-0999,Jeffrey Lin,Tablet,4,86.59,North,2025-09-26,0.0,86.59,Friday,346.36